group,file,ground_truth,prediction
US,usa_01.mp3,"Please call Stella. Ask her to bring these things with her from the store: Six spoons of fresh snow peas, five thick slabs of blue cheese, and maybe a snack for her brother Bob. We also need a small plastic snake and a big toy frog for the kids. She can scoop these things into three red bags, and we will go meet her Wednesday at the train station.","Please call Stella, ask her to bring these things for her from the store. Six spoons of fresh snow peas, five thick slabs of blue cheese, and maybe a snack for her brother Bob. We also need a small plastic snake and a big toy frog for the kids. She can scoop these things into three red bags and we will go meet her Wednesday at the train station."
US,usa_02.mp3,"Please call Stella. Ask her to bring these things with her from the store: Six spoons of fresh snow peas, five thick slabs of blue cheese, and maybe a snack for her brother Bob. We also need a small plastic snake and a big toy frog for the kids. She can scoop these things into three red bags, and we will go meet her Wednesday at the train station.","Please call Stella, ask her to ring these things with her from the store. Six spoons of fresh snow peas, five thick slabs of blue cheese, and maybe a snack for her brother Bob. We also need a small plastic snake and a big toy frog for the kids. She can scoop these things into three red bags and we will go meet her Wednesday at the train station."
US,usa_03.mp3,"Please call Stella. Ask her to bring these things with her from the store: Six spoons of fresh snow peas, five thick slabs of blue cheese, and maybe a snack for her brother Bob. We also need a small plastic snake and a big toy frog for the kids. She can scoop these things into three red bags, and we will go meet her Wednesday at the train station.","Please call Stella. Ask her to bring these things with her from the store. Six spoons of fresh snow peas, five thick slabs of blue cheese, and maybe a snack for her brother Bob. We also need a small plastic snake and a big toy frog for the kids. She can scoop these things into three red bags and we will go meet her Wednesday at the train station."
US,usa_04.mp3,"Please call Stella. Ask her to bring these things with her from the store: Six spoons of fresh snow peas, five thick slabs of blue cheese, and maybe a snack for her brother Bob. We also need a small plastic snake and a big toy frog for the kids. She can scoop these things into three red bags, and we will go meet her Wednesday at the train station.","Please call Stella. Ask her to bring these things with her from the store. Six spoons of fresh snow peas, five thick slabs of blue cheese, and maybe a snack for her brother Bob. We also need a small plastic snake and a big toy frog for the kids. She can scoop these things into three red bags and we will go meet her Wednesday at the train station."
US,usa_05.mp3,"Please call Stella. Ask her to bring these things with her from the store: Six spoons of fresh snow peas, five thick slabs of blue cheese, and maybe a snack for her brother Bob. We also need a small plastic snake and a big toy frog for the kids. She can scoop these things into three red bags, and we will go meet her Wednesday at the train station.","Please call Stella. Ask her to bring these things with her from the store. Six spoons of fresh snow peas, five slabs of blue cheese, and maybe a snack for her brother Bob. We also need a small plastic snake and a big toy frog for the kids. She can scoop these things into three red bags and we will go meet her Wednesday at the train station."
US,usa_06.mp3,"Please call Stella. Ask her to bring these things with her from the store: Six spoons of fresh snow peas, five thick slabs of blue cheese, and maybe a snack for her brother Bob. We also need a small plastic snake and a big toy frog for the kids. She can scoop these things into three red bags, and we will go meet her Wednesday at the train station.","Please call Stella. Ask her to bring these things with her from the store. Six spoons of fresh snow peas, five thick slabs of blue cheese, and maybe a snack for her brother Bob. We also need a small plastic snake and a big toy frog for the kids. She can scoop these things into three red bags and we will go meet her Wednesday at the train station."
US,usa_07.mp3,"Please call Stella. Ask her to bring these things with her from the store: Six spoons of fresh snow peas, five thick slabs of blue cheese, and maybe a snack for her brother Bob. We also need a small plastic snake and a big toy frog for the kids. She can scoop these things into three red bags, and we will go meet her Wednesday at the train station.","Please call Stella. Ask her to bring these things with her from the store. Six spoons of fresh snow peas, five thick slabs of blue cheese, and maybe a snack for her brother Bob. We also need a small plastic snake and a big toy frog for the kids. She can scoop these things in the three red bags and we will go meet her Wednesday at the train station."
US,usa_08.mp3,"Please call Stella. Ask her to bring these things with her from the store: Six spoons of fresh snow peas, five thick slabs of blue cheese, and maybe a snack for her brother Bob. We also need a small plastic snake and a big toy frog for the kids. She can scoop these things into three red bags, and we will go meet her Wednesday at the train station.","Please call Stella. Ask her to bring these things with her from the store. Six spoons of fresh snow peas, five thick slabs of blue cheese, and maybe a snack for a brother Bob. We also need a small plastic snake and a big toy frog for the kids. She can scoop these things into three red bags and we'll go meet her Wednesday at the train station."
US,usa_09.mp3,"Please call Stella. Ask her to bring these things with her from the store: Six spoons of fresh snow peas, five thick slabs of blue cheese, and maybe a snack for her brother Bob. We also need a small plastic snake and a big toy frog for the kids. She can scoop these things into three red bags, and we will go meet her Wednesday at the train station.","Please call Stella. Ask her to bring these things with her from the store. Six spoons of fresh snow peas, five thick slabs of blue cheese, and maybe a snack for her brother Bob. We also need a small plastic snake and a big toy frog for the kids. She can scoop these things into three red bags and we will go beat her Wednesday at the train station."
US,usa_10.mp3,"Please call Stella. Ask her to bring these things with her from the store: Six spoons of fresh snow peas, five thick slabs of blue cheese, and maybe a snack for her brother Bob. We also need a small plastic snake and a big toy frog for the kids. She can scoop these things into three red bags, and we will go meet her Wednesday at the train station.","Please call Stella. Ask her to breed these things with her from the store. Six spoons of fresh snow peas, five thick slabs of blue cheese, and maybe a snack for her brother Bob. We also need a small plastic snake and a big toy frog for the kids. She can scoop these things into three red bags and we will go meet her Wednesday at the train station."
US,usa_11.mp3,"Please call Stella. Ask her to bring these things with her from the store: Six spoons of fresh snow peas, five thick slabs of blue cheese, and maybe a snack for her brother Bob. We also need a small plastic snake and a big toy frog for the kids. She can scoop these things into three red bags, and we will go meet her Wednesday at the train station.","Please call Stella. Ask her to bring these things with her from the store. Six spoons of fresh snow peas, five thick slabs of blue cheese, and maybe a snack for her brother Bob. We also need a small plastic snake and a big toy frog for the kids. She can scoop these things into three red bags and we will go meet her Wednesday at the train station."
US,usa_12.mp3,"Please call Stella. Ask her to bring these things with her from the store: Six spoons of fresh snow peas, five thick slabs of blue cheese, and maybe a snack for her brother Bob. We also need a small plastic snake and a big toy frog for the kids. She can scoop these things into three red bags, and we will go meet her Wednesday at the train station.","Please call Stella. Ask her to bring these things with her from the store. Six spoons of fresh snow peas, five thick slabs of blue cheese and maybe a snack for her brother Bob. We also need a small plastic snake and a big toy frog for the kids. She can scoop these things into three red bags and we will go meet her Wednesday at the train station."
US,usa_13.mp3,"Please call Stella. Ask her to bring these things with her from the store: Six spoons of fresh snow peas, five thick slabs of blue cheese, and maybe a snack for her brother Bob. We also need a small plastic snake and a big toy frog for the kids. She can scoop these things into three red bags, and we will go meet her Wednesday at the train station.","Please call Stella. Ask her to bring these things with her from the store. Six spoons of fresh snow peas, five thick slabs of blue cheese, and maybe a snack for her brother Bob. We also need a small plastic snake and a big toy frog for the kids. She can scoop these things into three red bags and we will go meet her Wednesday at the train station."
US,usa_14.mp3,"Please call Stella. Ask her to bring these things with her from the store: Six spoons of fresh snow peas, five thick slabs of blue cheese, and maybe a snack for her brother Bob. We also need a small plastic snake and a big toy frog for the kids. She can scoop these things into three red bags, and we will go meet her Wednesday at the train station.","Please call Stella. Ask her to bring these things with her from the store. Six spoons of fresh snow peas, five thick slabs of blue cheese, and maybe a snack for her brother Bob. We also need a small plastic snake and a big toy frog for the kids. She can scoop these things into three red bags and we will go meet her Wednesday at the train station."
US,usa_15.mp3,"Please call Stella. Ask her to bring these things with her from the store: Six spoons of fresh snow peas, five thick slabs of blue cheese, and maybe a snack for her brother Bob. We also need a small plastic snake and a big toy frog for the kids. She can scoop these things into three red bags, and we will go meet her Wednesday at the train station.","Please call Stella. Ask her to bring these things with her from the store. Six spoons of fresh snow peas, five thick slabs of blue cheese, and maybe a snack for her brother Bob. We also need a small plastic snake and a big toy frog for the kids. She can scoop these things into three red bags and we will go meet her on Wednesday at the train station."
US,usa_16.mp3,"Please call Stella. Ask her to bring these things with her from the store: Six spoons of fresh snow peas, five thick slabs of blue cheese, and maybe a snack for her brother Bob. We also need a small plastic snake and a big toy frog for the kids. She can scoop these things into three red bags, and we will go meet her Wednesday at the train station.","Please call Stella. Ask her to bring these things with her from the store. Six spoons of fresh snow peas, five thick slabs of blue cheese, and maybe a snack for her brother Bob. We also need a small plastic snake and a big toy frog for the kids. She can scoop these things into three red bags and we will go meet her Wednesday at the train station."
US,usa_17.mp3,"Please call Stella. Ask her to bring these things with her from the store: Six spoons of fresh snow peas, five thick slabs of blue cheese, and maybe a snack for her brother Bob. We also need a small plastic snake and a big toy frog for the kids. She can scoop these things into three red bags, and we will go meet her Wednesday at the train station.","Please call Stella. Ask her to bring these things to her friend's store. Six spoons of snow, fresh snow peas, five thick slabs of blue cheese, and maybe a snack for her brother Bob. We also need a small plastic snake and a big toy frog for the kids. She can scoop these things in three red bags and we will meet her Wednesday at the train station."
US,usa_18.mp3,"Please call Stella. Ask her to bring these things with her from the store: Six spoons of fresh snow peas, five thick slabs of blue cheese, and maybe a snack for her brother Bob. We also need a small plastic snake and a big toy frog for the kids. She can scoop these things into three red bags, and we will go meet her Wednesday at the train station.","Please call Stella. Ask her to bring these things with her from the store. Six spoons of fresh snow peas, five thick slabs of blue cheese, and maybe a snack for her brother Bob. We also need a small plastic snake and a big toy frog for the kids. She can scoop these things into three red bags and we will go meet her Wednesday at the train station."
US,usa_19.mp3,"Please call Stella. Ask her to bring these things with her from the store: Six spoons of fresh snow peas, five thick slabs of blue cheese, and maybe a snack for her brother Bob. We also need a small plastic snake and a big toy frog for the kids. She can scoop these things into three red bags, and we will go meet her Wednesday at the train station.","Please call Stella. Ask her to bring these things with her from the store. Six spoons of fresh snow peas, five thick slabs of blue cheese, and maybe a snack for her brother Bob. We also need a small plastic snake and a big toy frog for the kids. She can scoop these things into three red bags and we will go meet her Wednesday at the train station."
US,usa_20.mp3,"Please call Stella. Ask her to bring these things with her from the store: Six spoons of fresh snow peas, five thick slabs of blue cheese, and maybe a snack for her brother Bob. We also need a small plastic snake and a big toy frog for the kids. She can scoop these things into three red bags, and we will go meet her Wednesday at the train station.","Please call Stella. Ask her to bring these things with her from the store. Six spoons of fresh snow peas, five thick slabs of blue cheese, and maybe a snack for her brother Bob. We also need a small plastic snake and a big toy frog for the kids. She can scoop these things into three red bags and we will go meet her on Wednesday at the train station."
US,usa_21.mp3,"Please call Stella. Ask her to bring these things with her from the store: Six spoons of fresh snow peas, five thick slabs of blue cheese, and maybe a snack for her brother Bob. We also need a small plastic snake and a big toy frog for the kids. She can scoop these things into three red bags, and we will go meet her Wednesday at the train station.","Please call Stella. Ask her to bring these things from the store. Six spoons of fresh snow peas, five thick slabs of blue cheese, and maybe a snack for her brother Bob. We also need a small plastic snake and a big toy frog for the kids. She can scoop these things into three red bags and we will go meet her one day at the train station."
US,usa_22.mp3,"Please call Stella. Ask her to bring these things with her from the store: Six spoons of fresh snow peas, five thick slabs of blue cheese, and maybe a snack for her brother Bob. We also need a small plastic snake and a big toy frog for the kids. She can scoop these things into three red bags, and we will go meet her Wednesday at the train station.","Please call Stella, ask her to bring these things with her from the store. Six spoons of fresh snow peas, five thick slobs of blue cheese, and maybe a snack for her brother Bob. We also need a small plastic snake and a big toy frog for the kids. She can scoop these things into three red bags and we will go to meet her Wednesday at the train station."
US,usa_23.mp3,"Please call Stella. Ask her to bring these things with her from the store: Six spoons of fresh snow peas, five thick slabs of blue cheese, and maybe a snack for her brother Bob. We also need a small plastic snake and a big toy frog for the kids. She can scoop these things into three red bags, and we will go meet her Wednesday at the train station.","Please call Stella. Ask her to bring these things with her from the store. Six spoons of fresh snow peas, five thick slabs of blue cheese, and maybe a snack for her brother Bob. We also need a small plastic snake and a big toy frog for the kids. She can scoop these things into three red bags and we will go meet her Wednesday at the train station."
US,usa_24.mp3,"Please call Stella. Ask her to bring these things with her from the store: Six spoons of fresh snow peas, five thick slabs of blue cheese, and maybe a snack for her brother Bob. We also need a small plastic snake and a big toy frog for the kids. She can scoop these things into three red bags, and we will go meet her Wednesday at the train station.","Please call Stella. Ask her to bring these things with her from the store. Six spoons of fresh snow peas, five thick slabs of blue cheese, and maybe a snack for her brother Bob. We also need a small plastic snake and a big toy frog for the kids. She can scoop these things into three red bags and we will go meet her Wednesday at the train station."
US,usa_25.mp3,"Please call Stella. Ask her to bring these things with her from the store: Six spoons of fresh snow peas, five thick slabs of blue cheese, and maybe a snack for her brother Bob. We also need a small plastic snake and a big toy frog for the kids. She can scoop these things into three red bags, and we will go meet her Wednesday at the train station.","Please call Stella. Ask her to bring these things with her from the store. Six spoons of fresh snow peas, five thick slabs of blue cheese, and maybe a snack for her brother Bob. We also need a small plastic snake and a big toy frog for the kids. She can scoop these things into three red bags and we will go meet her Wednesday at the train station."
US,usa_26.mp3,"Please call Stella. Ask her to bring these things with her from the store: Six spoons of fresh snow peas, five thick slabs of blue cheese, and maybe a snack for her brother Bob. We also need a small plastic snake and a big toy frog for the kids. She can scoop these things into three red bags, and we will go meet her Wednesday at the train station.","Please call Stella. Ask her to bring these things with her from the store. Six spoons of fresh snow peas, five thick slabs of blue cheese, and maybe a snack for her brother Bob. We also need a plastic snake and a big toy frog for the kids. She can scoop these things into three red bags and we will go meet her Wednesday at the train station."
US,usa_27.mp3,"Please call Stella. Ask her to bring these things with her from the store: Six spoons of fresh snow peas, five thick slabs of blue cheese, and maybe a snack for her brother Bob. We also need a small plastic snake and a big toy frog for the kids. She can scoop these things into three red bags, and we will go meet her Wednesday at the train station.","Please call Stella, ask her to bring these things with her from the store. Six spoons of fresh snow peas, five thick slabs of blue cheese, and maybe a snack for her brother Bob. We also need a small plastic snake and a big toy frog for the kids. She can scoop these things into three red bags and we will go meet her Wednesday at the train station."
US,usa_28.mp3,"Please call Stella. Ask her to bring these things with her from the store: Six spoons of fresh snow peas, five thick slabs of blue cheese, and maybe a snack for her brother Bob. We also need a small plastic snake and a big toy frog for the kids. She can scoop these things into three red bags, and we will go meet her Wednesday at the train station.","Please call Stella. Ask her to bring these things with her from the store. Six spoons of fresh snow peas, five thick slabs of blue cheese, and maybe a snack for her brother Bob. We also need a small plastic snake and a big toy frog for the kids. She can scoop these things into three red bags and we will go meet her Wednesday at the train station."
US,usa_29.mp3,"Please call Stella. Ask her to bring these things with her from the store: Six spoons of fresh snow peas, five thick slabs of blue cheese, and maybe a snack for her brother Bob. We also need a small plastic snake and a big toy frog for the kids. She can scoop these things into three red bags, and we will go meet her Wednesday at the train station.","Please call Stiller. Ask her to bring these things with her from the store. Six spoons of fresh no peas. Five thick slabs of blue cheese. Maybe a snap, a snack for her brother Bob. We also need a small plastic snake and a big toy frog for the kids. She can scoop these things into three red bags and we will go meet her Wednesday at the train station."
US,usa_30.mp3,"Please call Stella. Ask her to bring these things with her from the store: Six spoons of fresh snow peas, five thick slabs of blue cheese, and maybe a snack for her brother Bob. We also need a small plastic snake and a big toy frog for the kids. She can scoop these things into three red bags, and we will go meet her Wednesday at the train station.","Please call Stella. Ask her to bring these things with her from the store. Six spoons of fresh snow peas, five thick slabs of blue cheese, and maybe a snack for her brother Bob. We also need a small plastic snake and a big toy frog for the kids. She can scoop these things into three red bags and we will go meet her Wednesday at the train station."
US,usa_31.mp3,"Please call Stella. Ask her to bring these things with her from the store: Six spoons of fresh snow peas, five thick slabs of blue cheese, and maybe a snack for her brother Bob. We also need a small plastic snake and a big toy frog for the kids. She can scoop these things into three red bags, and we will go meet her Wednesday at the train station.","Please call Stella. Ask her to bring these things with her from the store. Six spoons of fresh snow peas, five thick slabs of blue cheese, and maybe a snack for her brother Bob. We also need a small plastic snake and a big toy frog for the kids. She can scoop these things into three red bags, and we will go meet her Wednesday at the train station."
US,usa_32.mp3,"Please call Stella. Ask her to bring these things with her from the store: Six spoons of fresh snow peas, five thick slabs of blue cheese, and maybe a snack for her brother Bob. We also need a small plastic snake and a big toy frog for the kids. She can scoop these things into three red bags, and we will go meet her Wednesday at the train station.","Please call Stella. Ask her to bring these things with her from the store. Six spoons of fresh snow peas, five thick slabs of blue cheese, and maybe a snack for her brother Bob. We also need a small plastic snake and a big toy frog for the kids. She can scoop these things into three red bags and we will meet her Wednesday at the train station."
US,usa_33.mp3,"Please call Stella. Ask her to bring these things with her from the store: Six spoons of fresh snow peas, five thick slabs of blue cheese, and maybe a snack for her brother Bob. We also need a small plastic snake and a big toy frog for the kids. She can scoop these things into three red bags, and we will go meet her Wednesday at the train station.","Please call Stella. Ask her to bring those things with her from the store. Six spoons of fresh snow peas, five thick slabs of blue cheese, and maybe a snack for her brother Bob. We also need a small plastic snake and a big toy frog for the kids. She can scoop these things into three red bags, and we will go meet her Wednesday at the train station."
US,usa_34.mp3,"Please call Stella. Ask her to bring these things with her from the store: Six spoons of fresh snow peas, five thick slabs of blue cheese, and maybe a snack for her brother Bob. We also need a small plastic snake and a big toy frog for the kids. She can scoop these things into three red bags, and we will go meet her Wednesday at the train station.","Please call Stella. Ask her to bring these things with her from the store. Six spins of fresh snow peas, five thick slabs of blue cheese, and maybe a snack for her brother Bob. We also need a small plastic snake and a big toy frog for the kids. She can scoop these things into three plastic bags and we'll go meet her Wednesday at the train station."
US,usa_35.mp3,"Please call Stella. Ask her to bring these things with her from the store: Six spoons of fresh snow peas, five thick slabs of blue cheese, and maybe a snack for her brother Bob. We also need a small plastic snake and a big toy frog for the kids. She can scoop these things into three red bags, and we will go meet her Wednesday at the train station.","Please call Stella. Ask her to bring these things with her from the store. Six spoons of fresh snow peas, five thick slabs of blue cheese, and maybe a snack for her brother Bob. We also need a small plastic snake and a big toy frog for the kids. She can scoop these things into three red bags and we will go meet her Wednesday at the train station."
US,usa_36.mp3,"Please call Stella. Ask her to bring these things with her from the store: Six spoons of fresh snow peas, five thick slabs of blue cheese, and maybe a snack for her brother Bob. We also need a small plastic snake and a big toy frog for the kids. She can scoop these things into three red bags, and we will go meet her Wednesday at the train station.","Please call Stella. Ask her to bring these things with her from the store. Six spoons of fresh snow peas, five thick slabs of blue cheese, and maybe a snack for her brother Bob. We also need a small plastic snake and a big toy frog for the kids. She will scoop these things up into three red bags and we will go meet her Wednesday at the train station."
US,usa_37.mp3,"Please call Stella. Ask her to bring these things with her from the store: Six spoons of fresh snow peas, five thick slabs of blue cheese, and maybe a snack for her brother Bob. We also need a small plastic snake and a big toy frog for the kids. She can scoop these things into three red bags, and we will go meet her Wednesday at the train station.","Please call Stella. Ask her to bring these things from her with her from the store. Six spoons of fresh snow peas, five thick slabs of blue cheese, and maybe a snack for her brother Bob. We also need a small plastic snack and a big toy for the kids. She can scoop these things into three red bags and we will go meet her Wednesday at the train station."
US,usa_38.mp3,"Please call Stella. Ask her to bring these things with her from the store: Six spoons of fresh snow peas, five thick slabs of blue cheese, and maybe a snack for her brother Bob. We also need a small plastic snake and a big toy frog for the kids. She can scoop these things into three red bags, and we will go meet her Wednesday at the train station.","Please call Stella. Ask her to bring these things with her from the store. Six spoons of fresh snow peas, five thick slabs of blue cheese, and maybe a snack for her brother Bob. We also need a small plastic snake or a big toy frog for the kids. She can scoop these things into three red bags. We will go meet her Wednesday at the train station."
US,usa_39.mp3,"Please call Stella. Ask her to bring these things with her from the store: Six spoons of fresh snow peas, five thick slabs of blue cheese, and maybe a snack for her brother Bob. We also need a small plastic snake and a big toy frog for the kids. She can scoop these things into three red bags, and we will go meet her Wednesday at the train station.","Please call Stella. Ask her to bring those things with her from the store. Six spoons of fresh snow peas, five thick slabs of blue cheese, and maybe a snack for her brother Bob. We also need a small plastic snake and a big toy frog for the kids. She can scoop these things into three red bags and we will go meet her Wednesday at the train station."
US,usa_40.mp3,"Please call Stella. Ask her to bring these things with her from the store: Six spoons of fresh snow peas, five thick slabs of blue cheese, and maybe a snack for her brother Bob. We also need a small plastic snake and a big toy frog for the kids. She can scoop these things into three red bags, and we will go meet her Wednesday at the train station.","Please call Stella. Ask her to bring these things with her from the store. Six spoons of fresh snow peas, five thick slabs of blue cheese and maybe a snack for her brother Bob. We also need a small plastic snake and a big toy frog for the kids. She can scoop these things into three red bags and we will go meet her Wednesday at the train station."
US,usa_41.mp3,"Please call Stella. Ask her to bring these things with her from the store: Six spoons of fresh snow peas, five thick slabs of blue cheese, and maybe a snack for her brother Bob. We also need a small plastic snake and a big toy frog for the kids. She can scoop these things into three red bags, and we will go meet her Wednesday at the train station.","Please call Stella. Ask her to bring these things with her from the store. Six spoons of fresh snow peas, five thick slabs of blue cheese, and maybe a snack for her brother Bob. We also need a small plastic snake and a big toy frog for the kids. You can scoop these things into three red bags and we will go meet her Wednesday at the train station."
US,usa_42.mp3,"Please call Stella. Ask her to bring these things with her from the store: Six spoons of fresh snow peas, five thick slabs of blue cheese, and maybe a snack for her brother Bob. We also need a small plastic snake and a big toy frog for the kids. She can scoop these things into three red bags, and we will go meet her Wednesday at the train station.","Please call Stella. Ask her to bring these things with her from the store. Six spoons of fresh snow peas, five thick slabs of blue cheese, and maybe a snack for her brother Bob. We also need a small plastic snake and a big toy frog for the kids. She can scoop these things into three red bags and we will go meet her Wednesday at the train station."
US,usa_43.mp3,"Please call Stella. Ask her to bring these things with her from the store: Six spoons of fresh snow peas, five thick slabs of blue cheese, and maybe a snack for her brother Bob. We also need a small plastic snake and a big toy frog for the kids. She can scoop these things into three red bags, and we will go meet her Wednesday at the train station.","Please call Stella. Ask her to bring these things with her from the store. Six spoons of fresh snow peas, five thick slabs of blue cheese, and maybe a snack for her brother Bob. We also need a small plastic snake and a big toy frog for the kids. She can scoop these things into three red bags and we will go meet her Wednesday at the train station."
US,usa_44.mp3,"Please call Stella. Ask her to bring these things with her from the store: Six spoons of fresh snow peas, five thick slabs of blue cheese, and maybe a snack for her brother Bob. We also need a small plastic snake and a big toy frog for the kids. She can scoop these things into three red bags, and we will go meet her Wednesday at the train station.","Please call Stella. Ask her to bring these things with her from the store. Six spoons of fresh snow peas, five thick slabs of blue cheese, and maybe a snack for her brother Bob. We also need a small plastic snake and a big toy frog for the kids. She can scoop these things into three red bags and we will go meet her Wednesday at the train station."
US,usa_45.mp3,"Please call Stella. Ask her to bring these things with her from the store: Six spoons of fresh snow peas, five thick slabs of blue cheese, and maybe a snack for her brother Bob. We also need a small plastic snake and a big toy frog for the kids. She can scoop these things into three red bags, and we will go meet her Wednesday at the train station.","Please call Stella Esker to bring these things with her from the store. Six spoons of fresh snow peas, five thick slabs of blue cheese, and maybe a snack for her brother Bob. We also need a small plastic snake, a big toy frog for the kids. She can scoop these things into three red bags and we will go meet her Wednesday at the train station."
US,usa_46.mp3,"Please call Stella. Ask her to bring these things with her from the store: Six spoons of fresh snow peas, five thick slabs of blue cheese, and maybe a snack for her brother Bob. We also need a small plastic snake and a big toy frog for the kids. She can scoop these things into three red bags, and we will go meet her Wednesday at the train station.","Please call Stella. Ask her to bring these things with her from the store. Six spoons of fresh snow peas, five thick slabs of blue cheese, and maybe a snack for her brother Bob. We also need a small plastic snake and a big toy frog for the kids. She can scoop these things into three red bags and we will go meet her Wednesday at the train station."
US,usa_47.mp3,"Please call Stella. Ask her to bring these things with her from the store: Six spoons of fresh snow peas, five thick slabs of blue cheese, and maybe a snack for her brother Bob. We also need a small plastic snake and a big toy frog for the kids. She can scoop these things into three red bags, and we will go meet her Wednesday at the train station.","Please call Stella. Ask her to bring these things with her from the store. Six spoons of fresh snow peas, five thick slabs of blue cheese, and maybe a snack for her brother Bob. We also need a small plastic snake and a big toy frog for the kids. She can scoot these things into three red bags and we'll go meet her Wednesday at the train station."
US,usa_48.mp3,"Please call Stella. Ask her to bring these things with her from the store: Six spoons of fresh snow peas, five thick slabs of blue cheese, and maybe a snack for her brother Bob. We also need a small plastic snake and a big toy frog for the kids. She can scoop these things into three red bags, and we will go meet her Wednesday at the train station.","Please call Stella. Ask her to bring these things with her from the store. Six spoons of fresh snow peas, five thick slabs of blue cheese, and maybe a snack for her brother Bob. We also need a small plastic snake and a big toy frog for the kids. She can scoop these things into three red bags and we will meet her Wednesday at the train station."
US,usa_49.mp3,"Please call Stella. Ask her to bring these things with her from the store: Six spoons of fresh snow peas, five thick slabs of blue cheese, and maybe a snack for her brother Bob. We also need a small plastic snake and a big toy frog for the kids. She can scoop these things into three red bags, and we will go meet her Wednesday at the train station.",Please call Stella ask her to bring these things with her from the store six spoons of fresh no peas Five thick slabs of blue cheese and maybe a snack for her brother Bob We also need a small plastic snake and a big toy frog for the kids She can scoop these things into three red bags and we will go meet her Wednesday at the train station
US,usa_50.mp3,"Please call Stella. Ask her to bring these things with her from the store: Six spoons of fresh snow peas, five thick slabs of blue cheese, and maybe a snack for her brother Bob. We also need a small plastic snake and a big toy frog for the kids. She can scoop these things into three red bags, and we will go meet her Wednesday at the train station.","Please call Stella. Ask her to bring these things with her from the store. Six spoons of fresh snow peas, five thick slabs of blue cheese, and maybe a snack for her brother Bob. We also need a small plastic steak and a big toy frog for the kids. She could scoop these things to three bags and we will go meet her Wednesday at the train station."
US,usa_51.mp3,"Please call Stella. Ask her to bring these things with her from the store: Six spoons of fresh snow peas, five thick slabs of blue cheese, and maybe a snack for her brother Bob. We also need a small plastic snake and a big toy frog for the kids. She can scoop these things into three red bags, and we will go meet her Wednesday at the train station.","Please call Stella. Ask her to bring these things with her from the store. Six spoons of fresh snow peas, five thick slabs of blue cheese, and maybe a snack for her brother Bob. We also need a small plastic snake and a big toy frog for the kids. She can scoop these things into three red bags and we will go meet her Wednesday at the train station."
US,usa_52.mp3,"Please call Stella. Ask her to bring these things with her from the store: Six spoons of fresh snow peas, five thick slabs of blue cheese, and maybe a snack for her brother Bob. We also need a small plastic snake and a big toy frog for the kids. She can scoop these things into three red bags, and we will go meet her Wednesday at the train station.","Please call Stella. Ask her to bring these things with her from the store. Six spoons of fresh snow peas, five thick slabs of blue cheese, and maybe a snack for her brother Bob. We also need a small plastic snake and a big toy frog for the kids. She can scoop these things into three red bags and we will go meet her Wednesday at the train station."
US,usa_53.mp3,"Please call Stella. Ask her to bring these things with her from the store: Six spoons of fresh snow peas, five thick slabs of blue cheese, and maybe a snack for her brother Bob. We also need a small plastic snake and a big toy frog for the kids. She can scoop these things into three red bags, and we will go meet her Wednesday at the train station.","Please call Stellar. Ask her to bring these things with her from the store. Six spoons of fresh no peas, five thick slabs of blue cheese, and maybe a snack for her brother Bob. We also need a small plastic snake and a big toy frog for the kids. She can scoop these things into three red bags and we will go meet her Wednesday at the train station."
US,usa_54.mp3,"Please call Stella. Ask her to bring these things with her from the store: Six spoons of fresh snow peas, five thick slabs of blue cheese, and maybe a snack for her brother Bob. We also need a small plastic snake and a big toy frog for the kids. She can scoop these things into three red bags, and we will go meet her Wednesday at the train station.","Please call Stella, ask her to bring these things with her from the store. Six spoons of fresh no peas, five thick slabs of blue cheese, and maybe a snack for her brother Bob. We also need a small plastic snake and a big toy frog for the kids. She can scoop these things into three red bags and we will go meet her Wednesday at the train station."
US,usa_55.mp3,"Please call Stella. Ask her to bring these things with her from the store: Six spoons of fresh snow peas, five thick slabs of blue cheese, and maybe a snack for her brother Bob. We also need a small plastic snake and a big toy frog for the kids. She can scoop these things into three red bags, and we will go meet her Wednesday at the train station.","Please call Stella. Ask her to bring these things with her from the store. Six pounds of fresh snow peas, five thick slabs of blue cheese, and maybe a snack for her brother Bob. We also need a small plastic snake and a big toy frog for the kids. She can scoop these things into three red bags and we will go to meet her Wednesday at the train station."
US,usa_56.mp3,"Please call Stella. Ask her to bring these things with her from the store: Six spoons of fresh snow peas, five thick slabs of blue cheese, and maybe a snack for her brother Bob. We also need a small plastic snake and a big toy frog for the kids. She can scoop these things into three red bags, and we will go meet her Wednesday at the train station.","Please call Stella. Ask her to bring these things with her from the store. Six spoons of fresh snow peas, five thick slabs of blue cheese, and maybe a snack for her brother Bob. We also need a small plastic snake and a big toy frog for the kids. She can scoop these things into three red bags and we will go meet her Wednesday at the train station."
US,usa_57.mp3,"Please call Stella. Ask her to bring these things with her from the store: Six spoons of fresh snow peas, five thick slabs of blue cheese, and maybe a snack for her brother Bob. We also need a small plastic snake and a big toy frog for the kids. She can scoop these things into three red bags, and we will go meet her Wednesday at the train station.","Please call Stella. Ask her to bring these things with her from the store. Six spoons of fresh snow peas, five thick slabs of blue cheese, and maybe a snack for her brother Bob. We also need a small plastic snake and a big toy frog for the kids. She can scoop these things into three red bags and we will go meet her Wednesday at the train station."
US,usa_58.mp3,"Please call Stella. Ask her to bring these things with her from the store: Six spoons of fresh snow peas, five thick slabs of blue cheese, and maybe a snack for her brother Bob. We also need a small plastic snake and a big toy frog for the kids. She can scoop these things into three red bags, and we will go meet her Wednesday at the train station.","Please call Stella. Ask her to bring these things with her from the store. Six spoons of fresh snow peas, five thick slabs of blue cheese, and maybe a snack for her brother Bob. We also need a small plastic snake and a big toy frog for the kids. She can scoop these things into three red bags and we will go meet her Wednesday at the train station."
US,usa_59.mp3,"Please call Stella. Ask her to bring these things with her from the store: Six spoons of fresh snow peas, five thick slabs of blue cheese, and maybe a snack for her brother Bob. We also need a small plastic snake and a big toy frog for the kids. She can scoop these things into three red bags, and we will go meet her Wednesday at the train station.","Please call Stella. Ask her to bring these things with her from the store. Six spoons of fresh snow peas, five thick slabs of blue cheese, and maybe a snack for her brother Bob. We also need a small plastic snake and a big toy frog for the kids. She can scoop these things into three red bags and we will go meet her Wednesday at the train station."
US,usa_60.mp3,"Please call Stella. Ask her to bring these things with her from the store: Six spoons of fresh snow peas, five thick slabs of blue cheese, and maybe a snack for her brother Bob. We also need a small plastic snake and a big toy frog for the kids. She can scoop these things into three red bags, and we will go meet her Wednesday at the train station.","Please call Stella, ask her to bring these things with her from the store. Six spoons of fresh snow peas, five thick slabs of blue cheese, and maybe a snack for her brother Bob. We also need a small plastic snake and a big toy frog for the kids. She can scoop these things into three red bags, and we will go meet her Wednesday at the train station."
India,in_01.mp3,"Please call Stella. Ask her to bring these things with her from the store: Six spoons of fresh snow peas, five thick slabs of blue cheese, and maybe a snack for her brother Bob. We also need a small plastic snake and a big toy frog for the kids. She can scoop these things into three red bags, and we will go meet her Wednesday at the train station.","Please call Stella, ask her to bring these things with her from the store. Six spoons of fresh snow peas, five thick slabs of blue cheese and maybe a snack for her brother Bob. We also need a small plastic snake and a big toy frog for the kids. She can scoop these things into three red bags and we will go meet her Wednesday at the train station."
India,in_02.mp3,"Please call Stella. Ask her to bring these things with her from the store: Six spoons of fresh snow peas, five thick slabs of blue cheese, and maybe a snack for her brother Bob. We also need a small plastic snake and a big toy frog for the kids. She can scoop these things into three red bags, and we will go meet her Wednesday at the train station.","Please call Stella. Ask her to bring these things with her from the store. Six spoons of fresh snow peas, five sticks of slabs of blue cheese and maybe a snack for her brother Bob. We also need a small plastic snake and a big toy frog for the kids. She can scoop these things in the three red bags and will go meet her Wednesday at the train station."
India,in_03.mp3,"Please call Stella. Ask her to bring these things with her from the store: Six spoons of fresh snow peas, five thick slabs of blue cheese, and maybe a snack for her brother Bob. We also need a small plastic snake and a big toy frog for the kids. She can scoop these things into three red bags, and we will go meet her Wednesday at the train station.","Please call Stella. Ask her to bring these things with her from the store. Six spoons of fresh snow peas, five thick slabs of blue cheese and maybe a snack for her brother Bob. We also need a small plastic snake and a big toy, frog for the kids. She can scoop these things into three red bags and we will go meet her Wednesday at the train station."
India,in_04.mp3,"Please call Stella. Ask her to bring these things with her from the store: Six spoons of fresh snow peas, five thick slabs of blue cheese, and maybe a snack for her brother Bob. We also need a small plastic snake and a big toy frog for the kids. She can scoop these things into three red bags, and we will go meet her Wednesday at the train station.","Please call Stella. Ask her to bring these things with her from the store. 6 spoons of fresh snow peas, 5-6 slabs of blue cheese and maybe a snack for her brother Bob. We also need a small plastic snake and a big toy frog for the kids. She can scoop these things into three red bags and we will go meet her Wednesday at the train station."
India,in_05.mp3,"Please call Stella. Ask her to bring these things with her from the store: Six spoons of fresh snow peas, five thick slabs of blue cheese, and maybe a snack for her brother Bob. We also need a small plastic snake and a big toy frog for the kids. She can scoop these things into three red bags, and we will go meet her Wednesday at the train station.","Please call Stella. Ask her to bring these things with her from the store. 6 spoons of fresh snow peas, 5 thick slabs of blue cheese and may be a snack for her brother Bob. We also need a small plastic snake and a big toy frog for the kids. She can scoop these things into 3 red bags and we will go meet her Wednesday at the train station."
India,in_06.mp3,"Please call Stella. Ask her to bring these things with her from the store: Six spoons of fresh snow peas, five thick slabs of blue cheese, and maybe a snack for her brother Bob. We also need a small plastic snake and a big toy frog for the kids. She can scoop these things into three red bags, and we will go meet her Wednesday at the train station.","Please call Stella. Ask her to bring these things with her from the store. Six spoons of fresh snow peas, five thick slabs of blue cheese and maybe a snack for her brother Bob. We also need a small plastic snake and a big toy frog for the kids. She can scoop these things into three red bags and we will go meet her Wednesday at the train station."
India,in_07.mp3,"Please call Stella. Ask her to bring these things with her from the store: Six spoons of fresh snow peas, five thick slabs of blue cheese, and maybe a snack for her brother Bob. We also need a small plastic snake and a big toy frog for the kids. She can scoop these things into three red bags, and we will go meet her Wednesday at the train station.","Please call Stella. Ask her to bring these things with her from the store. Six spoons of fresh snow peas, five thick slabs of blue cheese and maybe a snack for her brother Barb. We also need a small plastic snake and a big toy, frog, for the kids. She can scoop these things into three red bags and we will go meet her Wednesday at the train station."
India,in_08.mp3,"Please call Stella. Ask her to bring these things with her from the store: Six spoons of fresh snow peas, five thick slabs of blue cheese, and maybe a snack for her brother Bob. We also need a small plastic snake and a big toy frog for the kids. She can scoop these things into three red bags, and we will go meet her Wednesday at the train station.","Please call Stella, ask her to bring these things with her from the store. 6 spoons of fresh snow peas, 5 thick slabs of blue cheese and maybe a snack for her brother Bab. We also need a small plastic snake and a big toy frog for the kids. She can scoop these things into 3 red bags and we will go meet her Wednesday at the train station."
India,in_09.mp3,"Please call Stella. Ask her to bring these things with her from the store: Six spoons of fresh snow peas, five thick slabs of blue cheese, and maybe a snack for her brother Bob. We also need a small plastic snake and a big toy frog for the kids. She can scoop these things into three red bags, and we will go meet her Wednesday at the train station.","Please call Stella. Ask her to bring these things with her from the store. Six spoons of fresh snow peas, five thick slabs of blue cheese and maybe a snack for a brother Bob. We also need a small plastic snake and a big toy frog for the kids. She can scoop these things into three red bags and we will go meet her Wednesday at the train station."
India,in_10.mp3,"Please call Stella. Ask her to bring these things with her from the store: Six spoons of fresh snow peas, five thick slabs of blue cheese, and maybe a snack for her brother Bob. We also need a small plastic snake and a big toy frog for the kids. She can scoop these things into three red bags, and we will go meet her Wednesday at the train station.","Please call Stella, ask her to bring these things from her with her from the store. Six spoons of fresh snow peas, five thick slabs of blue cheese, and maybe a snack for her brother Bob. We also need a small plastic snake and a big toy frog for the kids. She can scoop these things into three red bags and we will go meet her Wednesday at the train station."
India,in_11.mp3,"Please call Stella. Ask her to bring these things with her from the store: Six spoons of fresh snow peas, five thick slabs of blue cheese, and maybe a snack for her brother Bob. We also need a small plastic snake and a big toy frog for the kids. She can scoop these things into three red bags, and we will go meet her Wednesday at the train station.","Please call Stella. Ask her to bring these things with her from the store. Six spoons of fresh snow peas, five thick slabs of blue cheese and maybe a snack for her brother Bob. We also need a small plastic snake and a big toy frog for the kids. She can scoop these things into three red bags and we will go meet her Wednesday at the train station."
India,in_12.mp3,"Please call Stella. Ask her to bring these things with her from the store: Six spoons of fresh snow peas, five thick slabs of blue cheese, and maybe a snack for her brother Bob. We also need a small plastic snake and a big toy frog for the kids. She can scoop these things into three red bags, and we will go meet her Wednesday at the train station.","Please call Stella. Ask her to bring these things with her from the store. 6 spoons of fresh snow peas, 5 thick slabs of blue cheese and maybe a snack for her brother Bob. We also need a small plastic snake and a big toy frog for the kids. She can scoop these things into 3 red bags and we will go meet her Wednesday at the train station."
India,in_13.mp3,"Please call Stella. Ask her to bring these things with her from the store: Six spoons of fresh snow peas, five thick slabs of blue cheese, and maybe a snack for her brother Bob. We also need a small plastic snake and a big toy frog for the kids. She can scoop these things into three red bags, and we will go meet her Wednesday at the train station.","Peas called Stella asked her to bring these things with her from the store. Six spoons of fresh snow peas, five thick slabs of blue cheese and maybe a snack for her brother Bob. We also need a small plastic snake and a big toy frog for the kid. She can smooth these things into three red bags and we will go meet her Wednesday at the train station."
India,in_14.mp3,"Please call Stella. Ask her to bring these things with her from the store: Six spoons of fresh snow peas, five thick slabs of blue cheese, and maybe a snack for her brother Bob. We also need a small plastic snake and a big toy frog for the kids. She can scoop these things into three red bags, and we will go meet her Wednesday at the train station.","Please call Stella. Ask her to bring these things with her from the store. 6 spoons of fresh snow peas, 5 thick steps of blue cheese and maybe a snack for her brother Bob. We also need a small plastic snake and a big toy frog for the kids. She can scoop these things into 3 red bags and we will go meet her Wednesday at the train station."
India,in_15.mp3,"Please call Stella. Ask her to bring these things with her from the store: Six spoons of fresh snow peas, five thick slabs of blue cheese, and maybe a snack for her brother Bob. We also need a small plastic snake and a big toy frog for the kids. She can scoop these things into three red bags, and we will go meet her Wednesday at the train station.","Please call Stella. Ask her to bring these things with her from the store. 6 spoons of fresh snow peas, 5 thick slabs of blue cheese and maybe a snack for her brother Bob. We also need a small plastic snake and a big toy frog for the kids. She can scoop these things into 3 red bags and we will go meet her Wednesday at the train station."
India,in_16.mp3,"Please call Stella. Ask her to bring these things with her from the store: Six spoons of fresh snow peas, five thick slabs of blue cheese, and maybe a snack for her brother Bob. We also need a small plastic snake and a big toy frog for the kids. She can scoop these things into three red bags, and we will go meet her Wednesday at the train station.","Please call Stella, ask her to bring these things with her from the store. Six spoons of fresh snow peas, five thick slabs of blue cheese and maybe a snack for her brother Bob. We also need a small plastic snake and a big toy frog for the kids. She can scoop these things in the three red bags and we will go meet her Wednesday at the train station."
India,in_17.mp3,"Please call Stella. Ask her to bring these things with her from the store: Six spoons of fresh snow peas, five thick slabs of blue cheese, and maybe a snack for her brother Bob. We also need a small plastic snake and a big toy frog for the kids. She can scoop these things into three red bags, and we will go meet her Wednesday at the train station.","Please call Stella, ask her to bring these things with her from the store. Six spoons of fresh snow peas, five thick slabs of blue cheese and maybe a snack for her brother Bob. We also need a small plastic snake and a big toy frog for the kids. She can scoop these things into three red bags and we will go meet her Wednesday at the train station."
India,in_18.mp3,"Please call Stella. Ask her to bring these things with her from the store: Six spoons of fresh snow peas, five thick slabs of blue cheese, and maybe a snack for her brother Bob. We also need a small plastic snake and a big toy frog for the kids. She can scoop these things into three red bags, and we will go meet her Wednesday at the train station.","Please call Stella. Ask her to bring these things with her from the store. 6 spoons of fresh snow peas, 5 thick slabs of blue cheese and maybe a snack for her brother Bob. We also need a small plastic snake and a big toy frog for the kids. She can scoop these things into 3 red bags and we will go meet her whenstay at the train station."
India,in_19.mp3,"Please call Stella. Ask her to bring these things with her from the store: Six spoons of fresh snow peas, five thick slabs of blue cheese, and maybe a snack for her brother Bob. We also need a small plastic snake and a big toy frog for the kids. She can scoop these things into three red bags, and we will go meet her Wednesday at the train station.","Please call Stella. Ask her to bring these things with her from the store. Six spoons of fresh snow peas, five thick slabs of blue cheese, and maybe a snack for her brother Bob. We also need a small plastic snake and a big toy frog for the kids. She can scoop these things into three red bags and we will go meet her Wednesday at the train station."
India,in_20.mp3,"Please call Stella. Ask her to bring these things with her from the store: Six spoons of fresh snow peas, five thick slabs of blue cheese, and maybe a snack for her brother Bob. We also need a small plastic snake and a big toy frog for the kids. She can scoop these things into three red bags, and we will go meet her Wednesday at the train station.","Please call Stella. Ask her to bring these things with her from the store. 6 spoons of fresh snow peas, 5 thick slabs of blue cheese and maybe a snack for her brother Bob. We also need a small plastic snake and a big toy frog for the kids. She can scoop these things into 3 red bags and we will meet her Wednesday at the train station."
India,in_21.mp3,"Please call Stella. Ask her to bring these things with her from the store: Six spoons of fresh snow peas, five thick slabs of blue cheese, and maybe a snack for her brother Bob. We also need a small plastic snake and a big toy frog for the kids. She can scoop these things into three red bags, and we will go meet her Wednesday at the train station.","Please call Stella. Ask her to bring these things with her from the store. Six spoons of fresh snow peas, five thick slabs of blue cheese and maybe a snack for her brother Bob. We also need a small plastic snake and a big toy frog for the kids. She scoop these things into three bag, three bags bags and we will go meet her Wednesday at the train station."
India,in_22.mp3,"Please call Stella. Ask her to bring these things with her from the store: Six spoons of fresh snow peas, five thick slabs of blue cheese, and maybe a snack for her brother Bob. We also need a small plastic snake and a big toy frog for the kids. She can scoop these things into three red bags, and we will go meet her Wednesday at the train station.",Please call Stella. Ask her to bring these things with her from the store. Six spoons of fresh snow peas. Five thick slabs of blue cheese. And maybe a snack for her brother Bob. We also need a small plastic snake and a big toy frog for the kids. She can scoop these things into three red bags and we will go meet her Wednesday at the train station.
India,in_23.mp3,"Please call Stella. Ask her to bring these things with her from the store: Six spoons of fresh snow peas, five thick slabs of blue cheese, and maybe a snack for her brother Bob. We also need a small plastic snake and a big toy frog for the kids. She can scoop these things into three red bags, and we will go meet her Wednesday at the train station.","Please call Stella. Ask her to bring these things with her from the store. Six spoons of fresh snow peas, five thick slabs of blue cheese and maybe a snack for her brother Bob. We also need a small plastic snake and a big toy frog for the kids. She can scoop these things into three red bags and will go meet her Wednesday at the train station."
India,in_24.mp3,"Please call Stella. Ask her to bring these things with her from the store: Six spoons of fresh snow peas, five thick slabs of blue cheese, and maybe a snack for her brother Bob. We also need a small plastic snake and a big toy frog for the kids. She can scoop these things into three red bags, and we will go meet her Wednesday at the train station.","Please call Stella, ask her to bring these things with her from the store. 6 spoons of fresh snow peas, 5 thick slabs of blue cheese and maybe a snack for her brother Bob. We also need a small plastic snake and a big toy frog for the kids. She can scoop these things into 3 red bags and we will go meet her Wednesday at the train station."
India,in_25.mp3,"Please call Stella. Ask her to bring these things with her from the store: Six spoons of fresh snow peas, five thick slabs of blue cheese, and maybe a snack for her brother Bob. We also need a small plastic snake and a big toy frog for the kids. She can scoop these things into three red bags, and we will go meet her Wednesday at the train station.","Please call Stella, ask her to bring these things with her from the store. 6 spoons of fresh snow peas, 5 thick slabs of blue cheese and maybe a snack for her brother Bob. We also need a small plastic snake and a big toy frog for the kids. She can scoop these things into 3 red bags and we will go meet her Wednesday at the train station."
India,in_26.mp3,"Please call Stella. Ask her to bring these things with her from the store: Six spoons of fresh snow peas, five thick slabs of blue cheese, and maybe a snack for her brother Bob. We also need a small plastic snake and a big toy frog for the kids. She can scoop these things into three red bags, and we will go meet her Wednesday at the train station.","Please call Stella, ask her to bring these things with her from the store. 6 spoons of fresh snow peas, 5 thick slabs of blue cheese and maybe a snack for her brother Bob. We also need a small plastic snake and a big toy frog for the kids. She can scoop these things into 3 red bags and we will go meet her Wednesday at the train station."
India,in_27.mp3,"Please call Stella. Ask her to bring these things with her from the store: Six spoons of fresh snow peas, five thick slabs of blue cheese, and maybe a snack for her brother Bob. We also need a small plastic snake and a big toy frog for the kids. She can scoop these things into three red bags, and we will go meet her Wednesday at the train station.","Please call Stella. Ask her to bring these things with her from the store. 6 spoons of fresh snow peas, 5 thick slabs of blue cheese and maybe a snack for her brother pop. We also need a small plastic snake and a big toy frog for the kids. She can scoop these things into three bread bags and we will go meet her when is day at the train station."
India,in_28.mp3,"Please call Stella. Ask her to bring these things with her from the store: Six spoons of fresh snow peas, five thick slabs of blue cheese, and maybe a snack for her brother Bob. We also need a small plastic snake and a big toy frog for the kids. She can scoop these things into three red bags, and we will go meet her Wednesday at the train station.","Please call Stella. Ask her to bring these things with her from the store. Six spoons of fresh snow peas, five thick slabs of blue cheese and maybe a snack for her brother Paul. We also need a small plastic snake and a big toy frog for the kids. She can scoop these things into three red packs and we'll go meet her Wednesday at the train station."
India,in_29.mp3,"Please call Stella. Ask her to bring these things with her from the store: Six spoons of fresh snow peas, five thick slabs of blue cheese, and maybe a snack for her brother Bob. We also need a small plastic snake and a big toy frog for the kids. She can scoop these things into three red bags, and we will go meet her Wednesday at the train station.","Please call Stella. Ask her to bring these things with her from the store. 6 spoons of fresh nose peas, 5 thick slabs of blue cheese and maybe a snack for her brother Bob. We also need a small plastic snake and a big toy frog for the kids. She can scoop these things into 3 red bags and we will go meet her when she is at the train station."
India,in_30.mp3,"Please call Stella. Ask her to bring these things with her from the store: Six spoons of fresh snow peas, five thick slabs of blue cheese, and maybe a snack for her brother Bob. We also need a small plastic snake and a big toy frog for the kids. She can scoop these things into three red bags, and we will go meet her Wednesday at the train station.","Please call Stella. Ask her to bring these things with her from the store. Six spoons of fresh snow peas, five thick slabs of blue cheese and maybe a snack for her brother Bob. We also need a small plastic snake and a big toy frog for the kids. She can scoop these things into three red bags and we will go meet her Wednesday at the train station."
India,in_31.mp3,"Please call Stella. Ask her to bring these things with her from the store: Six spoons of fresh snow peas, five thick slabs of blue cheese, and maybe a snack for her brother Bob. We also need a small plastic snake and a big toy frog for the kids. She can scoop these things into three red bags, and we will go meet her Wednesday at the train station.","Please call Stella. Ask her to bring these things with her from the store. 6 spoons of fresh snow peas, 5 thick slabs of blue cheese and maybe a snack for her brother Bob. We also need a small plastic snake and a big toy frog for the kids. She can scoop these things into 3 red bags and we will go meet her Wednesday at the train station."
India,in_32.mp3,"Please call Stella. Ask her to bring these things with her from the store: Six spoons of fresh snow peas, five thick slabs of blue cheese, and maybe a snack for her brother Bob. We also need a small plastic snake and a big toy frog for the kids. She can scoop these things into three red bags, and we will go meet her Wednesday at the train station.","Please call Still. Ask her to bring these things with her from the store. Six spoons of fresh snow peas, five thick slabs of blue cheese and maybe a snack for her brother Bob. We also need a small plastic snack and a big toy frog for the kids. She can snoop these things into three red bags and we'll go meet her Wednesday at the train station."
India,in_33.mp3,"Please call Stella. Ask her to bring these things with her from the store: Six spoons of fresh snow peas, five thick slabs of blue cheese, and maybe a snack for her brother Bob. We also need a small plastic snake and a big toy frog for the kids. She can scoop these things into three red bags, and we will go meet her Wednesday at the train station.","Please call Stella. Ask her to bring these things with her from the store. Six spoons of fresh snow peas, five thick slabs of blue cheese and maybe a snack of her brother Bob. We also need a small plastic snake and a big toy frog for the kids. She can scoop these things into three red backs and we will go to meet her Wednesday at the train station."
India,in_34.mp3,"Please call Stella. Ask her to bring these things with her from the store: Six spoons of fresh snow peas, five thick slabs of blue cheese, and maybe a snack for her brother Bob. We also need a small plastic snake and a big toy frog for the kids. She can scoop these things into three red bags, and we will go meet her Wednesday at the train station.","Please call Stella. Ask her to bring these things with her from the store. Six spoons of fresh snow peas, five thick slabs of blue cheese and maybe a snack for her brother Bob. We also need a small plastic snake and a big toy frog for the kids. She can scoop these things into three red bags and we will go meet her Wednesday at the train station."
India,in_35.mp3,"Please call Stella. Ask her to bring these things with her from the store: Six spoons of fresh snow peas, five thick slabs of blue cheese, and maybe a snack for her brother Bob. We also need a small plastic snake and a big toy frog for the kids. She can scoop these things into three red bags, and we will go meet her Wednesday at the train station.","Please call Stella. Ask her to bring these things with her from the store. 6 spoons of fresh snow peas, 5 thick slabs of blue cheese and maybe a snack for her brother Bob. We also need a small plastic snake and a big toy frog for the kids. She can scoop these things into 3 red bags and we will go meet her at the train station."
India,in_36.mp3,"Please call Stella. Ask her to bring these things with her from the store: Six spoons of fresh snow peas, five thick slabs of blue cheese, and maybe a snack for her brother Bob. We also need a small plastic snake and a big toy frog for the kids. She can scoop these things into three red bags, and we will go meet her Wednesday at the train station.","Please call Stella. Ask her to bring these things with her from the store. 6 spoons of fresh snowspeak, 5 thick slabs of blue cheese and maybe a snack for her brother Bob. We also need a small plastic snack and a big toy frock for the kids. She can scoop these things into 3 red bags and we will go meet her Wednesday at the rain station."
India,in_37.mp3,"Please call Stella. Ask her to bring these things with her from the store: Six spoons of fresh snow peas, five thick slabs of blue cheese, and maybe a snack for her brother Bob. We also need a small plastic snake and a big toy frog for the kids. She can scoop these things into three red bags, and we will go meet her Wednesday at the train station.","Please call Stella. Ask her to bring these things with her from the store. 6 spoons of fresh milk peas, 5 thick slabs of blue cheese and maybe a snack for her brother Bob. We also need a small plastic snake and a big toy frog for the kids. She can scoop these things into 3 red bags and we will go meet her on Wednesday at the train station."
India,in_38.mp3,"Please call Stella. Ask her to bring these things with her from the store: Six spoons of fresh snow peas, five thick slabs of blue cheese, and maybe a snack for her brother Bob. We also need a small plastic snake and a big toy frog for the kids. She can scoop these things into three red bags, and we will go meet her Wednesday at the train station.","Please call Stella, ask her to bring these things with her from the store. Six spoons of fresh snow peas, five thick slabs of blue cheese and maybe a snack for her brother Bob. We also need a small plastic snake and a big toy frog for the kids. She can scoop these things into three red bags and we will go meet her at the train station."
India,in_39.mp3,"Please call Stella. Ask her to bring these things with her from the store: Six spoons of fresh snow peas, five thick slabs of blue cheese, and maybe a snack for her brother Bob. We also need a small plastic snake and a big toy frog for the kids. She can scoop these things into three red bags, and we will go meet her Wednesday at the train station.","Please call Stella. Ask her to bring these things with her from the store. 6 spoons of fresh snow peas, 5 thick slabs of blue cheese and maybe a snack for her brother Bob. We also need a small plastic snake and a big toy for the kids. She can scoop these things into 3 red bags and we will go meet her Wednesday at the train station."
India,in_40.mp3,"Please call Stella. Ask her to bring these things with her from the store: Six spoons of fresh snow peas, five thick slabs of blue cheese, and maybe a snack for her brother Bob. We also need a small plastic snake and a big toy frog for the kids. She can scoop these things into three red bags, and we will go meet her Wednesday at the train station.","Please call Stella, ask her to bring these things with her from the store. 6 spoons of fresh no peas, 5 thick slabs of blue cheese and maybe a snack for her brother Bob. And we also need a small plastic snake and a big toy frog for the kids. She can scoop these things into 3 red bags and we will go meet her when is day at the train station."
India,in_41.mp3,"Please call Stella. Ask her to bring these things with her from the store: Six spoons of fresh snow peas, five thick slabs of blue cheese, and maybe a snack for her brother Bob. We also need a small plastic snake and a big toy frog for the kids. She can scoop these things into three red bags, and we will go meet her Wednesday at the train station.","Please call Stella, ask her to bring these things with her from the store. Six spoons of fresh snow peas, five thick slabs of blue cheese and maybe a snack for her brother Bob. We also need a small plastic snake and a big toy frog for the kids. She can scoop these things into three bread bags and we will go meet her when she's at the train station."
India,in_42.mp3,"Please call Stella. Ask her to bring these things with her from the store: Six spoons of fresh snow peas, five thick slabs of blue cheese, and maybe a snack for her brother Bob. We also need a small plastic snake and a big toy frog for the kids. She can scoop these things into three red bags, and we will go meet her Wednesday at the train station.","Please call Stella. Ask her to bring these things with her from the store. Six spoons of fresh snow peas, five thick slabs of blue cheese, and maybe a snack for her brother Bob. We also need a small plastic snake and a big toy frog for the kids. She can scoop these things into three red bags and we will go meet her Wednesday at the train station."
India,in_43.mp3,"Please call Stella. Ask her to bring these things with her from the store: Six spoons of fresh snow peas, five thick slabs of blue cheese, and maybe a snack for her brother Bob. We also need a small plastic snake and a big toy frog for the kids. She can scoop these things into three red bags, and we will go meet her Wednesday at the train station.","A police call Stella asked her to bring these things with her from the store. 6 spoons of fresh nose peas, 5 tixlabs of blue cheese and a maybe snack for her brother Bob. We also need a small plastic snake and a big toy frog for the kids. She can scoop these things into 3 red bags and we'll go meet her when it's day at the train station."
India,in_44.mp3,"Please call Stella. Ask her to bring these things with her from the store: Six spoons of fresh snow peas, five thick slabs of blue cheese, and maybe a snack for her brother Bob. We also need a small plastic snake and a big toy frog for the kids. She can scoop these things into three red bags, and we will go meet her Wednesday at the train station.","Please call Stella. Ask her to bring these things with her from the store. 6 pounds of fresh snow peas, 5 thick slabs of blue cheese and maybe a snack for her brother Bob. We also need a small plastic snake and a big toy frog for the kids. She's going to scoop these things into 3 red bags and we'll go meet her Wednesday at the train station."
India,in_45.mp3,"Please call Stella. Ask her to bring these things with her from the store: Six spoons of fresh snow peas, five thick slabs of blue cheese, and maybe a snack for her brother Bob. We also need a small plastic snake and a big toy frog for the kids. She can scoop these things into three red bags, and we will go meet her Wednesday at the train station.","Please tell her to bring these things with her from the store. 6 spoons of fresh snow peas, 5 thick slabs of blue cheese and maybe a snack for her brother Bob. We also need a small plastic snake and a big toy frog for the kids. She can scope these things into 3 red bags and we will go meet her Wednesday at the train station."
India,in_46.mp3,"Please call Stella. Ask her to bring these things with her from the store: Six spoons of fresh snow peas, five thick slabs of blue cheese, and maybe a snack for her brother Bob. We also need a small plastic snake and a big toy frog for the kids. She can scoop these things into three red bags, and we will go meet her Wednesday at the train station.","Please call Stella. Ask her to bring these things with her from the stove. Six spoons of fresh snow peas, five thick slabs of blue cheese and maybe a snack for a brother Bob. We also need a small plastic snake and a big toy frog for the kids. She can scoop these things into three red bags and we will go meet her Wednesday at the train station."
India,in_47.mp3,"Please call Stella. Ask her to bring these things with her from the store: Six spoons of fresh snow peas, five thick slabs of blue cheese, and maybe a snack for her brother Bob. We also need a small plastic snake and a big toy frog for the kids. She can scoop these things into three red bags, and we will go meet her Wednesday at the train station.","Please call Stella. Ask her to bring these things with her from the store. Six pounds of fresh snow peas, five thick slabs of blue cheese and maybe a snack for her brother Bob. We also need a small plastic snake and a big toy frog for the kids. She can scoop these things into three red bags and we will go meet her Wednesday at the Tainan station."
India,in_48.mp3,"Please call Stella. Ask her to bring these things with her from the store: Six spoons of fresh snow peas, five thick slabs of blue cheese, and maybe a snack for her brother Bob. We also need a small plastic snake and a big toy frog for the kids. She can scoop these things into three red bags, and we will go meet her Wednesday at the train station.","Please call Stella. I was here to bring these things with her from the store. Six spoons of fresh snow peas, five thick slabs of blue cheese and maybe a snack for her brother Bob. We also need a small plastic snake and a big toy frog for the kids. She can scoop these things into three red bags and we will go meet her Wednesday at the train station."
India,in_49.mp3,"Please call Stella. Ask her to bring these things with her from the store: Six spoons of fresh snow peas, five thick slabs of blue cheese, and maybe a snack for her brother Bob. We also need a small plastic snake and a big toy frog for the kids. She can scoop these things into three red bags, and we will go meet her Wednesday at the train station.","Please call Stella. Ask her to bring these things with her from the store. 6 spoons of fresh snow peas, 5 thick slabs of blue cheese and maybe a snack for her brother Bob. We also need a small plastic snake and a big toy frog for the kids. She can scoop these things into 3 red bags and we will go meet her Wednesday at the train station."
India,in_50.mp3,"Please call Stella. Ask her to bring these things with her from the store: Six spoons of fresh snow peas, five thick slabs of blue cheese, and maybe a snack for her brother Bob. We also need a small plastic snake and a big toy frog for the kids. She can scoop these things into three red bags, and we will go meet her Wednesday at the train station.","Please call Stella. Ask her to bring these things with her from the store. Six spoons of fresh snow peas, five thick slabs of blue cheese and maybe a snack for her brother Bob. We also need a small plastic snake and a big toy frog for the kids. She can scoop these things into three red bags and we will go meet her Wednesday at the train station."
India,in_51.mp3,"Please call Stella. Ask her to bring these things with her from the store: Six spoons of fresh snow peas, five thick slabs of blue cheese, and maybe a snack for her brother Bob. We also need a small plastic snake and a big toy frog for the kids. She can scoop these things into three red bags, and we will go meet her Wednesday at the train station.","Please call Stella. Ask her to bring these things with her from the store. Six spoons of fresh snow peas, five thick slabs of blue cheese and maybe a snack for her brother Bob. We also need a small plastic snake and a big toy frog for the kids. She can scoop these things into three red bags and we will go meet her Wednesday at the train station."
India,in_52.mp3,"Please call Stella. Ask her to bring these things with her from the store: Six spoons of fresh snow peas, five thick slabs of blue cheese, and maybe a snack for her brother Bob. We also need a small plastic snake and a big toy frog for the kids. She can scoop these things into three red bags, and we will go meet her Wednesday at the train station.","Please call Stella, ask her to bring these things with her from the store. 6 spoons of fresh snow peas, 5 thick slabs of blue cheese and maybe a snack for her brother Bob. We also need a small plastic snake and a big toy frog for the kids. She can scoop these things into 3 red bags and we will go meet her Wednesday at the train station."
India,in_53.mp3,"Please call Stella. Ask her to bring these things with her from the store: Six spoons of fresh snow peas, five thick slabs of blue cheese, and maybe a snack for her brother Bob. We also need a small plastic snake and a big toy frog for the kids. She can scoop these things into three red bags, and we will go meet her Wednesday at the train station.","Please call Stella, ask her to bring these things with her from the store. 6 spoons of fresh no peas, 5 thick slabs of blue cheese and maybe a snack for her brother Bob. We also need a small plastic snake and a big toy frog for the kids. She can scoop these things into 3 red bags and we will go meet her Wednesday at the train station."
India,in_54.mp3,"Please call Stella. Ask her to bring these things with her from the store: Six spoons of fresh snow peas, five thick slabs of blue cheese, and maybe a snack for her brother Bob. We also need a small plastic snake and a big toy frog for the kids. She can scoop these things into three red bags, and we will go meet her Wednesday at the train station.","Please call Stella. Ask her to bring these things with her from the stove. 6 spoons of fresh noof peas, 5 thick slabs of blue cheese and maybe a snack for a brother Bob. We also need a small plastic snake and a big toy frog for the kids. She can scoop these things into three red bags and we will go meet her Wednesday at the train station."
India,in_55.mp3,"Please call Stella. Ask her to bring these things with her from the store: Six spoons of fresh snow peas, five thick slabs of blue cheese, and maybe a snack for her brother Bob. We also need a small plastic snake and a big toy frog for the kids. She can scoop these things into three red bags, and we will go meet her Wednesday at the train station.","Please call Stella, ask her to bring these things with her from the store. 6 spoons of fresh snow peas, 5 thick slabs of blue cheese and maybe a snack for our brother Bob. We also need a plastic snake and a big toy frog for the kids. She can scoop these things into 3 red bags and we will go meet her Wednesday at the train station."
India,in_56.mp3,"Please call Stella. Ask her to bring these things with her from the store: Six spoons of fresh snow peas, five thick slabs of blue cheese, and maybe a snack for her brother Bob. We also need a small plastic snake and a big toy frog for the kids. She can scoop these things into three red bags, and we will go meet her Wednesday at the train station.","Please call Stella. Ask her to bring these things with her from the store. 6 spoons of fresh snow peas, 5 thick slabs of blue cheese and maybe a snack for her brother Bob. We also need a small plastic snake and a big toy frog for the kids. She can scoop these things into 3 red bags and we will go meet her at the train station."
India,in_57.mp3,"Please call Stella. Ask her to bring these things with her from the store: Six spoons of fresh snow peas, five thick slabs of blue cheese, and maybe a snack for her brother Bob. We also need a small plastic snake and a big toy frog for the kids. She can scoop these things into three red bags, and we will go meet her Wednesday at the train station.","Please call Stella. Ask her to bring these things with her from the store. 6 spoons of fresh snow peas, 5 thick slabs of blue cheese and maybe a snack for her brother Bob. We also need a small plastic snake and a big toy frog for the kids. She can scoop these things into 3 red bags and we will go meet her Wednesday at the train station."
India,in_58.mp3,"Please call Stella. Ask her to bring these things with her from the store: Six spoons of fresh snow peas, five thick slabs of blue cheese, and maybe a snack for her brother Bob. We also need a small plastic snake and a big toy frog for the kids. She can scoop these things into three red bags, and we will go meet her Wednesday at the train station.","Please call Stilla, ask her to bring these things with her from the store. Six spoons of fresh snow peas, five thick slabs of blue cheese and maybe a snack for her brother Bob. We also need a small plastic snake and a big toy frog for the kids. She can scoop these things into three red bags and we will go meet her Wednesday at the train station."
India,in_59.mp3,"Please call Stella. Ask her to bring these things with her from the store: Six spoons of fresh snow peas, five thick slabs of blue cheese, and maybe a snack for her brother Bob. We also need a small plastic snake and a big toy frog for the kids. She can scoop these things into three red bags, and we will go meet her Wednesday at the train station.","Please call Stella. Ask her to bring these things with her from the store. Six spoons of a fresh snow peas, five thick slabs of a blue cheese and maybe a snack for her brother Bob. We also need a small plastic snack and a big toy frock for the kids. She can scoop these things into the three red bags and we will go meet her Wednesday at the train station."
India,in_60.mp3,"Please call Stella. Ask her to bring these things with her from the store: Six spoons of fresh snow peas, five thick slabs of blue cheese, and maybe a snack for her brother Bob. We also need a small plastic snake and a big toy frog for the kids. She can scoop these things into three red bags, and we will go meet her Wednesday at the train station.","Please call Stella. Ask her to bring these things with her from the store. 6 spoons of fresh snow peas, 5 thick slabs of blue cheese and maybe a snack for her brother Bob. We also need a small plastic snake and a big toy frog for the kids. She can scoop these things into 3 red bags and we will go meet her Wednesday at the train station."
