group,file,ground_truth,prediction,model
US,usa_01.mp3,"Please call Stella. Ask her to bring these things with her from the store: Six spoons of fresh snow peas, five thick slabs of blue cheese, and maybe a snack for her brother Bob. We also need a small plastic snake and a big toy frog for the kids. She can scoop these things into three red bags, and we will go meet her Wednesday at the train station.","Please call Stella, ask her to bring these things with her from the store. Six spoons of fresh snow peas, five thick slabs of blue cheese, and maybe a snack for her brother Bob. We also need a small plastic snake and a big toy frog for the kids. She can scoop these things into three red bags and we will go meet her Wednesday at the train station.",base
US,usa_02.mp3,"Please call Stella. Ask her to bring these things with her from the store: Six spoons of fresh snow peas, five thick slabs of blue cheese, and maybe a snack for her brother Bob. We also need a small plastic snake and a big toy frog for the kids. She can scoop these things into three red bags, and we will go meet her Wednesday at the train station.","Please call Stella, ask her to ring these things with her from the store. Six spoons of fresh snow peas, five thick slabs of blue cheese, and maybe a snack for her brother Bob. We also need a small plastic snake and a big toy frog for the kids. She can scoop these things into three red bags and we will go meet her Wednesday at the train station.",base
US,usa_03.mp3,"Please call Stella. Ask her to bring these things with her from the store: Six spoons of fresh snow peas, five thick slabs of blue cheese, and maybe a snack for her brother Bob. We also need a small plastic snake and a big toy frog for the kids. She can scoop these things into three red bags, and we will go meet her Wednesday at the train station.","Please call Stella. Ask her to bring these things with her from the store. Six spoons of fresh snow peas, five thick slabs of blue cheese, and maybe a snack for her brother Bob. We also need a small plastic snake and a big toy frog for the kids. She can scoop these things into three red bags and we will go meet her Wednesday at the train station.",base
US,usa_04.mp3,"Please call Stella. Ask her to bring these things with her from the store: Six spoons of fresh snow peas, five thick slabs of blue cheese, and maybe a snack for her brother Bob. We also need a small plastic snake and a big toy frog for the kids. She can scoop these things into three red bags, and we will go meet her Wednesday at the train station.","Please call Stella. Ask her to bring these things with her from the store. Six spoons of fresh snow peas, five thick slabs of blue cheese, and maybe a snack for her brother Bob. We also need a small plastic snake and a big toy frog for the kids. She can scoop these things into three red bags and we will go meet her Wednesday at the train station.",base
US,usa_05.mp3,"Please call Stella. Ask her to bring these things with her from the store: Six spoons of fresh snow peas, five thick slabs of blue cheese, and maybe a snack for her brother Bob. We also need a small plastic snake and a big toy frog for the kids. She can scoop these things into three red bags, and we will go meet her Wednesday at the train station.","Please call Stella. Ask her to bring these things with her from the store. Six spoons of fresh snow peas, five slabs of blue cheese, and maybe a snack for her brother Bob. We also need a small plastic snake and a big toy frog for the kids. She can scoop these things into three red bags and we will go meet her Wednesday at the train station.",base
US,usa_06.mp3,"Please call Stella. Ask her to bring these things with her from the store: Six spoons of fresh snow peas, five thick slabs of blue cheese, and maybe a snack for her brother Bob. We also need a small plastic snake and a big toy frog for the kids. She can scoop these things into three red bags, and we will go meet her Wednesday at the train station.","Please call Stella. Ask her to bring these things with her from the store. Six spoons of fresh snow peas, five thick slabs of blue cheese, and maybe a snack for her brother Bob. We also need a small plastic snake and a big toy frog for the kids. She can scoop these things into three red bags and we will go meet her Wednesday at the train station.",base
US,usa_07.mp3,"Please call Stella. Ask her to bring these things with her from the store: Six spoons of fresh snow peas, five thick slabs of blue cheese, and maybe a snack for her brother Bob. We also need a small plastic snake and a big toy frog for the kids. She can scoop these things into three red bags, and we will go meet her Wednesday at the train station.","Please call Stella, ask her to bring these things with her from the store. 6 spoons of fresh snow peas, 5 thick slabs of blue cheese, and maybe a snack for her brother Bob. We also need a small plastic snake and a big toy frog for the kids. She can scoop these things in the 3 red bags and we will go meet her Wednesday at the train station.",base
US,usa_08.mp3,"Please call Stella. Ask her to bring these things with her from the store: Six spoons of fresh snow peas, five thick slabs of blue cheese, and maybe a snack for her brother Bob. We also need a small plastic snake and a big toy frog for the kids. She can scoop these things into three red bags, and we will go meet her Wednesday at the train station.","Please call Stella. Ask her to bring these things with her from the store. Six spoons of fresh snow peas, five thick slabs of blue cheese, and maybe a snack for a bread of bobb. We also need a small plastic snake and a big toy for our kids. She can scoop these things into three red bags and we'll go meter one stay at the train station.",base
US,usa_09.mp3,"Please call Stella. Ask her to bring these things with her from the store: Six spoons of fresh snow peas, five thick slabs of blue cheese, and maybe a snack for her brother Bob. We also need a small plastic snake and a big toy frog for the kids. She can scoop these things into three red bags, and we will go meet her Wednesday at the train station.","Please call Stella. Ask her to bring these things with her from the store. Six spoons of fresh snow peas, five thick slabs of blue cheese, and maybe a snack for her brother Bob. We also need a small plastic snake and a big toy frog for the kids. She can scoop these things into three red bags and we will go beat her Wednesday at the train station.",base
US,usa_10.mp3,"Please call Stella. Ask her to bring these things with her from the store: Six spoons of fresh snow peas, five thick slabs of blue cheese, and maybe a snack for her brother Bob. We also need a small plastic snake and a big toy frog for the kids. She can scoop these things into three red bags, and we will go meet her Wednesday at the train station.","Please call Stella, ask her to breeding these things with her from the store. Six spoons of fresh snow peas, five thick slabs of blue cheese, and maybe a snack for her brother Bob. We also need a small plastic snake and a big toy frog for the kids. She can scoop these things into three red bags and we will go meet her Wednesday at the crane station.",base
US,usa_11.mp3,"Please call Stella. Ask her to bring these things with her from the store: Six spoons of fresh snow peas, five thick slabs of blue cheese, and maybe a snack for her brother Bob. We also need a small plastic snake and a big toy frog for the kids. She can scoop these things into three red bags, and we will go meet her Wednesday at the train station.","Please call Stella. Ask her to bring these things with her from the store. Six spoons of fresh snow peas, five thick slabs of blue cheese, and maybe a snack for her brother Bob. We also need a small plastic snake and a big toy frog for the kids. She can scoop these things into three red bags and we will go meet her Wednesday at the train station.",base
US,usa_12.mp3,"Please call Stella. Ask her to bring these things with her from the store: Six spoons of fresh snow peas, five thick slabs of blue cheese, and maybe a snack for her brother Bob. We also need a small plastic snake and a big toy frog for the kids. She can scoop these things into three red bags, and we will go meet her Wednesday at the train station.","Please call Stella. Ask her to bring these things with her from the store. Six spoons of fresh snow peas, five thick slabs of blue cheese, and maybe a snack for her brother Bob. We also need a small plastic snake and a big toy frog for the kids. She can scoop these things into three red bags and we will go meet her once they at the train station.",base
US,usa_13.mp3,"Please call Stella. Ask her to bring these things with her from the store: Six spoons of fresh snow peas, five thick slabs of blue cheese, and maybe a snack for her brother Bob. We also need a small plastic snake and a big toy frog for the kids. She can scoop these things into three red bags, and we will go meet her Wednesday at the train station.","Please call Stella, ask her to bring these things with her from the store. Six spoons of fresh snow peas, five thick slabs of blue cheese, and maybe a snack for her brother Bob. We also need a small plastic snake and a big toy frog for the kids. She can scoop these things into three red bags, and we will go meet her Wednesday at the train station.",base
US,usa_14.mp3,"Please call Stella. Ask her to bring these things with her from the store: Six spoons of fresh snow peas, five thick slabs of blue cheese, and maybe a snack for her brother Bob. We also need a small plastic snake and a big toy frog for the kids. She can scoop these things into three red bags, and we will go meet her Wednesday at the train station.","Please call Stella, ask her to bring these things with her from the store. Six spoons of fresh no peas, five thick slabs of blue cheese, and maybe a snack for her brother Bob. We also need a small plastic snake and a big toy frog for the kids. She can scoop these things into three red bags and we will go meet her Wednesday at the train station.",base
US,usa_15.mp3,"Please call Stella. Ask her to bring these things with her from the store: Six spoons of fresh snow peas, five thick slabs of blue cheese, and maybe a snack for her brother Bob. We also need a small plastic snake and a big toy frog for the kids. She can scoop these things into three red bags, and we will go meet her Wednesday at the train station.","Please call Stella, ask her to bring these things with her from the store. Six spoons of fresh snow peas, five thick slabs of blue cheese, and maybe a snack for her brother Bob. We also need a small plastic snake and a big toy frog for the kids. She can scoop these things into three red bags and we will go meet her on Wednesday at the train station.",base
US,usa_16.mp3,"Please call Stella. Ask her to bring these things with her from the store: Six spoons of fresh snow peas, five thick slabs of blue cheese, and maybe a snack for her brother Bob. We also need a small plastic snake and a big toy frog for the kids. She can scoop these things into three red bags, and we will go meet her Wednesday at the train station.","Please call Stella. Ask her to bring these things with her from the store. Six spoons of fresh no peas, five thick slabs of blue cheese, and maybe a snack for her brother Bob. We also need a small plastic snake and a big toy frog for the kids. She can scoop these things into three red bags and we will go meet her Wednesday at the train station.",base
US,usa_17.mp3,"Please call Stella. Ask her to bring these things with her from the store: Six spoons of fresh snow peas, five thick slabs of blue cheese, and maybe a snack for her brother Bob. We also need a small plastic snake and a big toy frog for the kids. She can scoop these things into three red bags, and we will go meet her Wednesday at the train station.","Please call Stella. I said to brand these things I have for the store. Six spoons of snow, fresh snow peas, five thick slabs of blue cheese, and maybe a snack for her brother Bob. We also needed a small plastic snake and a big toy frog for the kids. She can scoop these things in the three red bags and we will meet her Wednesday at the train station.",base
US,usa_18.mp3,"Please call Stella. Ask her to bring these things with her from the store: Six spoons of fresh snow peas, five thick slabs of blue cheese, and maybe a snack for her brother Bob. We also need a small plastic snake and a big toy frog for the kids. She can scoop these things into three red bags, and we will go meet her Wednesday at the train station.","Please call Stella, ask her to bring these things with her from the store. Six spoons of fresh snow peas, five thick slabs of blue cheese, and maybe a snack for her brother Bob. We also need a small plastic snake and a big toy frog for the kids. She can scoop these things into three red bags and we will go meet her Wednesday at the train station.",base
US,usa_19.mp3,"Please call Stella. Ask her to bring these things with her from the store: Six spoons of fresh snow peas, five thick slabs of blue cheese, and maybe a snack for her brother Bob. We also need a small plastic snake and a big toy frog for the kids. She can scoop these things into three red bags, and we will go meet her Wednesday at the train station.","Please call Stella. Ask her to bring these things with her from the store. Six spoons of fresh snow peas, five thick slabs of blue cheese, and maybe a snack for her brother Bob. We also need a small plastic snake and a big toy frog for the kids. She can scoop these things into three red bags and we will go meet her Wednesday at the train station.",base
US,usa_20.mp3,"Please call Stella. Ask her to bring these things with her from the store: Six spoons of fresh snow peas, five thick slabs of blue cheese, and maybe a snack for her brother Bob. We also need a small plastic snake and a big toy frog for the kids. She can scoop these things into three red bags, and we will go meet her Wednesday at the train station.","Please call Stella, ask her to bring these things with her from the store. Six spoons of fresh snow peas, five thick slabs of blue cheese, and maybe a snack for her brother Bob. We also need a small plastic snake and a big toy frog for the kids. She can scoop these things into three red bags, and we will go meet her on Wednesday at the train station.",base
US,usa_21.mp3,"Please call Stella. Ask her to bring these things with her from the store: Six spoons of fresh snow peas, five thick slabs of blue cheese, and maybe a snack for her brother Bob. We also need a small plastic snake and a big toy frog for the kids. She can scoop these things into three red bags, and we will go meet her Wednesday at the train station.","Please call Stella. Ask her to bring these things from her from from the store. Six spoons of fresh snow peas, five thick slabs of blue cheese, and maybe a snack for her brother Bob. We also need a small plastic snake and a big toy frog for the kids. She can scoop these things into three red bags and we will go meet her Wednesday at the train station.",base
US,usa_22.mp3,"Please call Stella. Ask her to bring these things with her from the store: Six spoons of fresh snow peas, five thick slabs of blue cheese, and maybe a snack for her brother Bob. We also need a small plastic snake and a big toy frog for the kids. She can scoop these things into three red bags, and we will go meet her Wednesday at the train station.","Please call Stella, ask her to bring these things with her from the store. 6 spoons of fresh no peas, 5 thick slabs of blue cheese, and maybe a snack for her brother Bob. We also need a small plastic snake and a big toy frog for the kids. She can scoop these things into 3 red bags and we will go to meet her Wednesday at the train station.",base
US,usa_23.mp3,"Please call Stella. Ask her to bring these things with her from the store: Six spoons of fresh snow peas, five thick slabs of blue cheese, and maybe a snack for her brother Bob. We also need a small plastic snake and a big toy frog for the kids. She can scoop these things into three red bags, and we will go meet her Wednesday at the train station.","Please call Stella. Ask her to bring these things with her from the store. Six spoons of fresh snow peas, five thick slabs of blue cheese, and maybe a snack for her brother Bob. We also need a small plastic snake and a big toy frog for the kids. She can scoop these things into three red bags and we will go meet her Wednesday at the train station.",base
US,usa_24.mp3,"Please call Stella. Ask her to bring these things with her from the store: Six spoons of fresh snow peas, five thick slabs of blue cheese, and maybe a snack for her brother Bob. We also need a small plastic snake and a big toy frog for the kids. She can scoop these things into three red bags, and we will go meet her Wednesday at the train station.","Please call Stella, ask her to bring these things with her from the store. Six boons of fresh snow peas, five thick slabs of blue cheese, and maybe a snack for her brother Bob. We also need a small plastic snake and a big toy frog for the kids. She can scoop these things into three red bags and we will go meet her Wednesday at the train station.",base
US,usa_25.mp3,"Please call Stella. Ask her to bring these things with her from the store: Six spoons of fresh snow peas, five thick slabs of blue cheese, and maybe a snack for her brother Bob. We also need a small plastic snake and a big toy frog for the kids. She can scoop these things into three red bags, and we will go meet her Wednesday at the train station.","Please call Stella. Ask her to bring these things with her from the store. Six spoons of fresh snow peas, five thick slabs of blue cheese, and maybe a snack for her brother Bob. We also need a small plastic snake and a big toy frog for the kids. She can scoop these things into three red bags and we will go meet her Wednesday at the train station.",base
US,usa_26.mp3,"Please call Stella. Ask her to bring these things with her from the store: Six spoons of fresh snow peas, five thick slabs of blue cheese, and maybe a snack for her brother Bob. We also need a small plastic snake and a big toy frog for the kids. She can scoop these things into three red bags, and we will go meet her Wednesday at the train station.","Please call Stella. Ask her to bring these things with her from the store. Six spoons of fresh snow peas, five thick slabs of blue cheese, and memia snack for her brother Bob. We also need a plastic snake and a big toy frog for the kids. She can scoop these things into three red bags and we will go meet her Wednesday at the train station.",base
US,usa_27.mp3,"Please call Stella. Ask her to bring these things with her from the store: Six spoons of fresh snow peas, five thick slabs of blue cheese, and maybe a snack for her brother Bob. We also need a small plastic snake and a big toy frog for the kids. She can scoop these things into three red bags, and we will go meet her Wednesday at the train station.","Please call Stella, ask her to bring these things with her from the store. Six spoons of fresh no peas, five thick slabs of blue cheese, and maybe a snack for her brother Bob. We also need a small plastic snake and a big toy frog for the kids. She can scoop these things into three red bags and we will go meet her Wednesday at the train station.",base
US,usa_28.mp3,"Please call Stella. Ask her to bring these things with her from the store: Six spoons of fresh snow peas, five thick slabs of blue cheese, and maybe a snack for her brother Bob. We also need a small plastic snake and a big toy frog for the kids. She can scoop these things into three red bags, and we will go meet her Wednesday at the train station.","Please call Stella, ask her to bring these things with her from the store. Six spoons of fresh snow peas, five thick slabs of blue cheese, and maybe a snack for her brother Bob. We also need a small plastic snake and a big toy frog for the kids. She can scoop these things into three red bags and we will go meet her Wednesday at the train station.",base
US,usa_29.mp3,"Please call Stella. Ask her to bring these things with her from the store: Six spoons of fresh snow peas, five thick slabs of blue cheese, and maybe a snack for her brother Bob. We also need a small plastic snake and a big toy frog for the kids. She can scoop these things into three red bags, and we will go meet her Wednesday at the train station.","Please call Stiller. Ask her to bring these things with her from the store. Six spoons of fresh no peas. Five, six slelves of blue cheese. Maybe a stamp, snack for her brother Bob. We also need a small plastic snake and a big toy frog for the kids. She came, scoop these things into three red bags and we will go meet her Wednesday at the train station.",base
US,usa_30.mp3,"Please call Stella. Ask her to bring these things with her from the store: Six spoons of fresh snow peas, five thick slabs of blue cheese, and maybe a snack for her brother Bob. We also need a small plastic snake and a big toy frog for the kids. She can scoop these things into three red bags, and we will go meet her Wednesday at the train station.","Please call Stella. Ask her to bring these things with her from the store. Six spoons of fresh snow peas, five thick slabs of blue cheese, and maybe a snack for her brother Bob. We also need a small plastic snake and a big toy frog for the kids. She can scoop these things into three red bags and we will go meet her Wednesday at the train station.",base
US,usa_31.mp3,"Please call Stella. Ask her to bring these things with her from the store: Six spoons of fresh snow peas, five thick slabs of blue cheese, and maybe a snack for her brother Bob. We also need a small plastic snake and a big toy frog for the kids. She can scoop these things into three red bags, and we will go meet her Wednesday at the train station.","Please call Stella. Ask her to bring these things with her from the store. Six spoons of fresh snow peas, five thick slabs of blue cheese, and maybe a snack for her brother Bob. We also need a small plastic snake and a big toy frog for the kids. She can scoop these things into three red bags, and we will go meet her Wednesday at the train station.",base
US,usa_32.mp3,"Please call Stella. Ask her to bring these things with her from the store: Six spoons of fresh snow peas, five thick slabs of blue cheese, and maybe a snack for her brother Bob. We also need a small plastic snake and a big toy frog for the kids. She can scoop these things into three red bags, and we will go meet her Wednesday at the train station.","Please call Stella. Ask her to bring these things with her from the store. Six spoons of fresh snow peas, five thick slabs of blue cheese, and maybe a snack for her brother Bob. We also need a small plastic snake and a big toy frog for the kids. She can scoop these things into three red bags and we will meet her Wednesday at the train station.",base
US,usa_33.mp3,"Please call Stella. Ask her to bring these things with her from the store: Six spoons of fresh snow peas, five thick slabs of blue cheese, and maybe a snack for her brother Bob. We also need a small plastic snake and a big toy frog for the kids. She can scoop these things into three red bags, and we will go meet her Wednesday at the train station.","Please call Stella, ask her to bring those things with her from the store. Six plumes of fresh snow peas, five thick slabs of blue cheese, and maybe a snack for her brother Bob. We also need a small plastic snake and a big toy frog for the kids. She can scoop these things into three red bags, and we will go meet her Wednesday at the train station.",base
US,usa_34.mp3,"Please call Stella. Ask her to bring these things with her from the store: Six spoons of fresh snow peas, five thick slabs of blue cheese, and maybe a snack for her brother Bob. We also need a small plastic snake and a big toy frog for the kids. She can scoop these things into three red bags, and we will go meet her Wednesday at the train station.",Please call Stella. Ask her to bring these things with her from the store. Six pins of fresh snow peas. Five thick slabs of blue cheese. And maybe a snack for her brother Bob. We also need a small plastic snake and a big toy frog for the kids. She can scoop these things into three plastic bags and we'll go meet her Wednesday at the train station.,base
US,usa_35.mp3,"Please call Stella. Ask her to bring these things with her from the store: Six spoons of fresh snow peas, five thick slabs of blue cheese, and maybe a snack for her brother Bob. We also need a small plastic snake and a big toy frog for the kids. She can scoop these things into three red bags, and we will go meet her Wednesday at the train station.","Please call Stella. Ask her to bring these things with her from the store. Six spoons of fresh snow peas, five thick slabs of blue cheese, and maybe a snack for her brother Bob. We also need a small plastic snake and a big toy frog for the kids. She can scoop these things into three red bags and we will go meet her Wednesday at the train station.",base
US,usa_36.mp3,"Please call Stella. Ask her to bring these things with her from the store: Six spoons of fresh snow peas, five thick slabs of blue cheese, and maybe a snack for her brother Bob. We also need a small plastic snake and a big toy frog for the kids. She can scoop these things into three red bags, and we will go meet her Wednesday at the train station.","Please call Stella, ask her to bring these things with her from the store. Six spoons of fresh snow peas, five thick slabs of blue cheese, and maybe a snack for her brother Bob. We also need a small plastic snake and a big toy frog for the kids. She will scoop these things up into three red bags, and we will go meet her Wednesday at the train station.",base
US,usa_37.mp3,"Please call Stella. Ask her to bring these things with her from the store: Six spoons of fresh snow peas, five thick slabs of blue cheese, and maybe a snack for her brother Bob. We also need a small plastic snake and a big toy frog for the kids. She can scoop these things into three red bags, and we will go meet her Wednesday at the train station.","Please call Stella. Ask her to bring these things from her with her from the store. Six spoons of fresh snow peas, bathed slabs of blue cheese, and maybe a snack for her brother Bob. We also need a small plastic snack and a big toy from her for the kids. She can scoop these things into three red bags and we will go meet her when they have the train station.",base
US,usa_38.mp3,"Please call Stella. Ask her to bring these things with her from the store: Six spoons of fresh snow peas, five thick slabs of blue cheese, and maybe a snack for her brother Bob. We also need a small plastic snake and a big toy frog for the kids. She can scoop these things into three red bags, and we will go meet her Wednesday at the train station.","Please call Stella, ask her to bring these things with her from the store. Six spoons of fresh snow of peas, five thick slabs of blue cheese, and maybe a snack for her brother Bob. We also need a small plastic snake or a big toy frog for the kids. She can scoop these things into three red bags. We will go meet her Wednesday at the train station.",base
US,usa_39.mp3,"Please call Stella. Ask her to bring these things with her from the store: Six spoons of fresh snow peas, five thick slabs of blue cheese, and maybe a snack for her brother Bob. We also need a small plastic snake and a big toy frog for the kids. She can scoop these things into three red bags, and we will go meet her Wednesday at the train station.","Please call Stella, Esther to bring those things with her from the store. Six pounds of fresh no peas, five thick slabs of blue cheese and maybe a snack for her brother-bob. We also need a small plastic snake and a big toy frog for the kids. She can scoop these things into three red bags and we will go meet her Wednesday at the train station.",base
US,usa_40.mp3,"Please call Stella. Ask her to bring these things with her from the store: Six spoons of fresh snow peas, five thick slabs of blue cheese, and maybe a snack for her brother Bob. We also need a small plastic snake and a big toy frog for the kids. She can scoop these things into three red bags, and we will go meet her Wednesday at the train station.","Please call Stella, ask her to bring these things with her from the store. Six spoons of fresh no peas, five thick slabs of blue cheese, and maybe a snack for her brother-bogg. We also need a small plastic snake and a big toy frog for the kids. She can scoop these things into three red bags and we will go meet her Wednesday at the train station.",base
US,usa_41.mp3,"Please call Stella. Ask her to bring these things with her from the store: Six spoons of fresh snow peas, five thick slabs of blue cheese, and maybe a snack for her brother Bob. We also need a small plastic snake and a big toy frog for the kids. She can scoop these things into three red bags, and we will go meet her Wednesday at the train station.","Please call Stella. Ask her to bring these things with her from the store. Six spoons of fresh snow peas, five thick slabs of blue cheese, and maybe a snack for her brother Bob. We also need a small plastic snake and a big toy frog for the kids. You can scoop these things into three red bags and we will go meet her Wednesday at the train station.",base
US,usa_42.mp3,"Please call Stella. Ask her to bring these things with her from the store: Six spoons of fresh snow peas, five thick slabs of blue cheese, and maybe a snack for her brother Bob. We also need a small plastic snake and a big toy frog for the kids. She can scoop these things into three red bags, and we will go meet her Wednesday at the train station.","Please call Stella. Ask her to bring these things with her from the store. 6 spoons of fresh snow peas, 5 thick slabs of blue cheese, and maybe a snack for her brother Bob. We also need a small plastic snake and a big toy frog for the kids. She can scoop these things into 3 red bags and we will go meet her Wednesday at the train station.",base
US,usa_43.mp3,"Please call Stella. Ask her to bring these things with her from the store: Six spoons of fresh snow peas, five thick slabs of blue cheese, and maybe a snack for her brother Bob. We also need a small plastic snake and a big toy frog for the kids. She can scoop these things into three red bags, and we will go meet her Wednesday at the train station.","Please call Stella, ask her to bring these things with her from the store. Six spoons of fresh snow peas, five thick slabs of blue cheese, and maybe a snack for her brother bob. We also need a small plastic snake and a big toy frog for the kids. She can scoop these things into three red bags and we will go meet her Wednesday at the train station.",base
US,usa_44.mp3,"Please call Stella. Ask her to bring these things with her from the store: Six spoons of fresh snow peas, five thick slabs of blue cheese, and maybe a snack for her brother Bob. We also need a small plastic snake and a big toy frog for the kids. She can scoop these things into three red bags, and we will go meet her Wednesday at the train station.","Please call Stella. Ask her to bring these things with her from the store. Six spoons of fresh snow peas, five thick slabs of blue cheese, and maybe a snack for her brother Bob. We also need a small plastic snake and a big toy frog for the kids. She can scoop these things into three red bags and we will go meet her Wednesday at the train station.",base
US,usa_45.mp3,"Please call Stella. Ask her to bring these things with her from the store: Six spoons of fresh snow peas, five thick slabs of blue cheese, and maybe a snack for her brother Bob. We also need a small plastic snake and a big toy frog for the kids. She can scoop these things into three red bags, and we will go meet her Wednesday at the train station.","Please call Stella, ask her to bring these things with her from the store. Six spoons of fresh snow peas, five thick slabs of blue cheese, and maybe a snack for a brother bob. We also need a small plastic snake, a big toy frog for the kids. She can scoop these things into three red bags and we will go meet her at the train station.",base
US,usa_46.mp3,"Please call Stella. Ask her to bring these things with her from the store: Six spoons of fresh snow peas, five thick slabs of blue cheese, and maybe a snack for her brother Bob. We also need a small plastic snake and a big toy frog for the kids. She can scoop these things into three red bags, and we will go meet her Wednesday at the train station.","Please call Stella. Ask her to bring these things with her from the store. Six spoons of fresh snow peas, five thick slabs of blue cheese, and maybe a snack for her brother Bob. We also need a small plastic snake and a big toy frog or the kids. She can scoop these things into three red bags and we will go meet her once had the train stays.",base
US,usa_47.mp3,"Please call Stella. Ask her to bring these things with her from the store: Six spoons of fresh snow peas, five thick slabs of blue cheese, and maybe a snack for her brother Bob. We also need a small plastic snake and a big toy frog for the kids. She can scoop these things into three red bags, and we will go meet her Wednesday at the train station.","Please, Castella ask her to bring these things with her from the store. Six spoons of fresh snow peas, five thick slabs of blue cheese, and maybe a snack for her brother Bob. We also need a small plastic snake and a big toy frog for the kids. She can scoop these things into three red bags and we'll go meet her Wednesday at a train station.",base
US,usa_48.mp3,"Please call Stella. Ask her to bring these things with her from the store: Six spoons of fresh snow peas, five thick slabs of blue cheese, and maybe a snack for her brother Bob. We also need a small plastic snake and a big toy frog for the kids. She can scoop these things into three red bags, and we will go meet her Wednesday at the train station.","Please call Stella, ask her to bring these things with her from the store. Six spoons of fresh snow peas, five thick slabs of blue cheese, and maybe a snack for her brother Bob. We also need a small plastic snake and a big toy frog for the kids. She can scoop these things into three red bags and we will meet her Wednesday at the train station.",base
US,usa_49.mp3,"Please call Stella. Ask her to bring these things with her from the store: Six spoons of fresh snow peas, five thick slabs of blue cheese, and maybe a snack for her brother Bob. We also need a small plastic snake and a big toy frog for the kids. She can scoop these things into three red bags, and we will go meet her Wednesday at the train station.",Please call Stella ask her to bring these things with her from the store six spoons of fresh no peas five thick slabs of blue cheese and maybe a snack for her brother Bob We also need a small plastic snake and a big toy frog for the kids She can scoop these things into three red bags and we will go meet her Wednesday at the train station,base
US,usa_50.mp3,"Please call Stella. Ask her to bring these things with her from the store: Six spoons of fresh snow peas, five thick slabs of blue cheese, and maybe a snack for her brother Bob. We also need a small plastic snake and a big toy frog for the kids. She can scoop these things into three red bags, and we will go meet her Wednesday at the train station.","Please call Stella, ask her to bring these things with her from the store. Six spoons of fresh snow peas, five thick slabs of root cheese, and maybe a snack for her brother Bob. We also need a small plastic steak and a big toy frog for the kids. She could scoop these things to three red bags and we will go meet her Wednesday at the train station.",base
US,usa_51.mp3,"Please call Stella. Ask her to bring these things with her from the store: Six spoons of fresh snow peas, five thick slabs of blue cheese, and maybe a snack for her brother Bob. We also need a small plastic snake and a big toy frog for the kids. She can scoop these things into three red bags, and we will go meet her Wednesday at the train station.","Please call Stella, ask her to bring these things with her from the store. 6 spoons of fresh snow peas, 5 thick slabs of blue cheese, and maybe a snack for her brother Bob. We also need a small plastic snake and a big toy frog for the kids. She can scoop these things into 3 red bags and we will go meet her Wednesday at the train station.",base
US,usa_52.mp3,"Please call Stella. Ask her to bring these things with her from the store: Six spoons of fresh snow peas, five thick slabs of blue cheese, and maybe a snack for her brother Bob. We also need a small plastic snake and a big toy frog for the kids. She can scoop these things into three red bags, and we will go meet her Wednesday at the train station.","Please call Stella, ask her to bring these things with her from the store. 6 books of fresh snow peas, 5 thick slabs of blue cheese, and maybe a snack for a rather bob. We also need a small plastic snake and a big toy frog for the kids. She can scoop these things into 3 red bags and we will go meet her Wednesday at the train station.",base
US,usa_53.mp3,"Please call Stella. Ask her to bring these things with her from the store: Six spoons of fresh snow peas, five thick slabs of blue cheese, and maybe a snack for her brother Bob. We also need a small plastic snake and a big toy frog for the kids. She can scoop these things into three red bags, and we will go meet her Wednesday at the train station.","Please call Stella. Ask her to bring these things with her from the store. 6 spoons of fresh no peas, 5-6 slabs of blue cheese, and maybe a snack for her brother Bob. We also need a small plastic snake and a big toy frog for the kids. She can scoop these things into 3 red bags and we will go meet her Wednesday at the train station.",base
US,usa_54.mp3,"Please call Stella. Ask her to bring these things with her from the store: Six spoons of fresh snow peas, five thick slabs of blue cheese, and maybe a snack for her brother Bob. We also need a small plastic snake and a big toy frog for the kids. She can scoop these things into three red bags, and we will go meet her Wednesday at the train station.","Please, Carl Stella, ask her to bring these things with her from the store. Six spoons of fresh no peas, five thick slabs of blue cheese, and maybe a snack for her brother Bob. We also need a small plastic snack and a big toy frog for the kids. She can scoot these things into three red bags and we will go meet her Wednesday at the train station.",base
US,usa_55.mp3,"Please call Stella. Ask her to bring these things with her from the store: Six spoons of fresh snow peas, five thick slabs of blue cheese, and maybe a snack for her brother Bob. We also need a small plastic snake and a big toy frog for the kids. She can scoop these things into three red bags, and we will go meet her Wednesday at the train station.","Please call Stella, ask her to bring these things with her from the store. Six pins of fresh snow peas, five thick slabs of blue cheese, and maybe a snag for her brother Bob. We also need a small plastic snag and a big toy for all for the kids. She can scoop these things into three red bags and we will go to meet her Wednesday at the train station.",base
US,usa_56.mp3,"Please call Stella. Ask her to bring these things with her from the store: Six spoons of fresh snow peas, five thick slabs of blue cheese, and maybe a snack for her brother Bob. We also need a small plastic snake and a big toy frog for the kids. She can scoop these things into three red bags, and we will go meet her Wednesday at the train station.","Please call Stella. Ask her to bring these things with her from the store. Six spoons of fresh snow peas, five thick slabs of blue cheese, and maybe a snack for her brother Bob. We also need a small plastic snake and a big toy frog for the kids. She can scoop these things into three red bags and we will go meet her Wednesday at the train station.",base
US,usa_57.mp3,"Please call Stella. Ask her to bring these things with her from the store: Six spoons of fresh snow peas, five thick slabs of blue cheese, and maybe a snack for her brother Bob. We also need a small plastic snake and a big toy frog for the kids. She can scoop these things into three red bags, and we will go meet her Wednesday at the train station.","Please call Stella. Ask her to bring these things with her from the store. Six spoons of fresh no peas, five thick slabs of blue cheese, and maybe a snack for her brother Bob. We also need a small plastic snake and a big toy frog for the kids. She can scoop these things into three red bags and we will go meet her Wednesday at the train station.",base
US,usa_58.mp3,"Please call Stella. Ask her to bring these things with her from the store: Six spoons of fresh snow peas, five thick slabs of blue cheese, and maybe a snack for her brother Bob. We also need a small plastic snake and a big toy frog for the kids. She can scoop these things into three red bags, and we will go meet her Wednesday at the train station.","Please call Stella. Ask her to bring these things with her from the store. Six spoons of fresh snow peas, five thick slabs of blue cheese, and maybe a snack for her brother Bob. We also need a small plastic snake and a big toy frog for the kids. She can scoop these things into three red bags and we will go meet her Wednesday at the train station.",base
US,usa_59.mp3,"Please call Stella. Ask her to bring these things with her from the store: Six spoons of fresh snow peas, five thick slabs of blue cheese, and maybe a snack for her brother Bob. We also need a small plastic snake and a big toy frog for the kids. She can scoop these things into three red bags, and we will go meet her Wednesday at the train station.","Please call Stella. Ask her to bring these things with her from the store. Six spoons of fresh snow peas, five thick slabs of blue cheese, and maybe a snack for her brother Bob. We also need a small plastic snake and a big toy frog for the kids. She can scoop these things into three red bags and we will go meet her Wednesday at the train station.",base
US,usa_60.mp3,"Please call Stella. Ask her to bring these things with her from the store: Six spoons of fresh snow peas, five thick slabs of blue cheese, and maybe a snack for her brother Bob. We also need a small plastic snake and a big toy frog for the kids. She can scoop these things into three red bags, and we will go meet her Wednesday at the train station.","Please call Stella, ask her to bring these things with her from the store. Six spoons of fresh snow peas, five thick slabs of blue cheese, and maybe a snack for her brother Bob. We also need a small plastic snake and a big toy frog from the For the Kids. She can scoop these things into three red bags, and we will go meet her Wednesday at the train station.",base
India,in_01.mp3,"Please call Stella. Ask her to bring these things with her from the store: Six spoons of fresh snow peas, five thick slabs of blue cheese, and maybe a snack for her brother Bob. We also need a small plastic snake and a big toy frog for the kids. She can scoop these things into three red bags, and we will go meet her Wednesday at the train station.","Please call Stella, ask her to bring these things with her from the store. 6 spoons of fresh no peas, 5 thick slabs of blue cheese and maybe a snack for her brother bob. We also need a small plastic snake and a big toy frog for the kids. She can scoop these things into 3 red bags and we will go meet her Wednesday at the train station.",base
India,in_02.mp3,"Please call Stella. Ask her to bring these things with her from the store: Six spoons of fresh snow peas, five thick slabs of blue cheese, and maybe a snack for her brother Bob. We also need a small plastic snake and a big toy frog for the kids. She can scoop these things into three red bags, and we will go meet her Wednesday at the train station.","Please call Stella. Ask her to bring these things with her from the store. Six spoons of fresh snow peas, 5 tex labs of blue cheese, and maybe a snack for her brother Bob. We also need a small plastic snake and a big toy frog for the kids. She can scoot these things in a three red bag and will go meet her when stayed at the train station.",base
India,in_03.mp3,"Please call Stella. Ask her to bring these things with her from the store: Six spoons of fresh snow peas, five thick slabs of blue cheese, and maybe a snack for her brother Bob. We also need a small plastic snake and a big toy frog for the kids. She can scoop these things into three red bags, and we will go meet her Wednesday at the train station.","Please call Stella. Ask her to bring these things with her from the store. 6 spoons of fresh snow peas, 5 thick slabs of blue cheese and maybe a snack for her brother Bob. We also need a small plastic snake and a big toy frog for the kids. She can scoop these things into 3 red bags and we will go meet her Wednesday at the train station.",base
India,in_04.mp3,"Please call Stella. Ask her to bring these things with her from the store: Six spoons of fresh snow peas, five thick slabs of blue cheese, and maybe a snack for her brother Bob. We also need a small plastic snake and a big toy frog for the kids. She can scoop these things into three red bags, and we will go meet her Wednesday at the train station.","Please call Stella. Ask her to bring these things with her from the store. 6 spoons of fresh snow peas, 5-6 slabs of blue cheese and maybe a snack for her brother Bob. We also need a small plastic snake and a big toy for the kids. She can scoop these things into three red bags and we will go meet her Wednesday at the train station.",base
India,in_05.mp3,"Please call Stella. Ask her to bring these things with her from the store: Six spoons of fresh snow peas, five thick slabs of blue cheese, and maybe a snack for her brother Bob. We also need a small plastic snake and a big toy frog for the kids. She can scoop these things into three red bags, and we will go meet her Wednesday at the train station.",Please call Stella. Ask her to bring these things with her from the store. 6 spoons of fresh snow peas. 5 thick slabs of blue cheese. And maybe a snack for her brother Bob. We also need a small plastic snake and a big toy frog for the kids. She can scoop these things into 3 red bags and we will go meet her. Wednesday at the train station.,base
India,in_06.mp3,"Please call Stella. Ask her to bring these things with her from the store: Six spoons of fresh snow peas, five thick slabs of blue cheese, and maybe a snack for her brother Bob. We also need a small plastic snake and a big toy frog for the kids. She can scoop these things into three red bags, and we will go meet her Wednesday at the train station.","Please call Stella, ask her to bring these things with her from the store. 6 spoons of fresh snow peas, 5 thick slabs of blue cheese, and maybe a snack for her brother Bob. We also need a small plastic snake and a big toy frog for the kids. She can scoop these things into 3 red bags and we will go meet her Wednesday at the train station.",base
India,in_07.mp3,"Please call Stella. Ask her to bring these things with her from the store: Six spoons of fresh snow peas, five thick slabs of blue cheese, and maybe a snack for her brother Bob. We also need a small plastic snake and a big toy frog for the kids. She can scoop these things into three red bags, and we will go meet her Wednesday at the train station.","Please call Stella. Ask her to bring these things with her from the store. 6 spoons of fresh snow peas, 5 thick slabs of blue cheese and maybe a snack for her brother, Bab. We also need a small plastic snake and a big toy, frog for the kids. She can scope these things into three red bags and we will go meet her Wednesday at the train station.",base
India,in_08.mp3,"Please call Stella. Ask her to bring these things with her from the store: Six spoons of fresh snow peas, five thick slabs of blue cheese, and maybe a snack for her brother Bob. We also need a small plastic snake and a big toy frog for the kids. She can scoop these things into three red bags, and we will go meet her Wednesday at the train station.","Please call Stella, ask her to bring these things with her from the store. 6 spoons of fresh snow peas, 5 thick slabs of blue cheese, and maybe a snack for her brother-bub. We also need a small plastic snake and a big toy frog for the kids. She can scoop these things into 3 red bags and we will go meet her Wednesday at the train station.",base
India,in_09.mp3,"Please call Stella. Ask her to bring these things with her from the store: Six spoons of fresh snow peas, five thick slabs of blue cheese, and maybe a snack for her brother Bob. We also need a small plastic snake and a big toy frog for the kids. She can scoop these things into three red bags, and we will go meet her Wednesday at the train station.","Please call Stella. Ask her to bring these things with her from the store, six spoons of fresh no peas, five thick slabs of blue cheese and maybe a snack for a brother bar. We also need a small plastic snake and a big toy frog for the kids. She can scoop these things into three red bags and we will go meet her Wednesday at the train station.",base
India,in_10.mp3,"Please call Stella. Ask her to bring these things with her from the store: Six spoons of fresh snow peas, five thick slabs of blue cheese, and maybe a snack for her brother Bob. We also need a small plastic snake and a big toy frog for the kids. She can scoop these things into three red bags, and we will go meet her Wednesday at the train station.","Please call Stella, ask her to bring these things from her with her from the store. Six spoons of fresh snow peas, five thick slabs of blue cheese, and maybe a snack for her brother Bob. We also need a small plastic snake and a big toy frog for the kids. She can scoop these things into three red bags and we will go meet her Wednesday at the train station.",base
India,in_11.mp3,"Please call Stella. Ask her to bring these things with her from the store: Six spoons of fresh snow peas, five thick slabs of blue cheese, and maybe a snack for her brother Bob. We also need a small plastic snake and a big toy frog for the kids. She can scoop these things into three red bags, and we will go meet her Wednesday at the train station.","Please call Stella. Ask her to bring these things with her from the store. Six spoons of fresh snow peas, five thick slabs of blue cheese and maybe a snack for her brother Bob. We also need a small plastic snake and a big toy frog for the kids. She can scoop these things into three red bags and we will go meet her Wednesday at the train station.",base
India,in_12.mp3,"Please call Stella. Ask her to bring these things with her from the store: Six spoons of fresh snow peas, five thick slabs of blue cheese, and maybe a snack for her brother Bob. We also need a small plastic snake and a big toy frog for the kids. She can scoop these things into three red bags, and we will go meet her Wednesday at the train station.","Please call Stena. Ask her to bring these things with her from the store. 6 spoons of fresh snow peas, 5 thick slabs of blue cheese and maybe a snack for her brother Bob. We also need a small plastic snake and a big toy frog for the kids. She can scoop these things into 3 red bags and we will go meet her Wednesday at the train station.",base
India,in_13.mp3,"Please call Stella. Ask her to bring these things with her from the store: Six spoons of fresh snow peas, five thick slabs of blue cheese, and maybe a snack for her brother Bob. We also need a small plastic snake and a big toy frog for the kids. She can scoop these things into three red bags, and we will go meet her Wednesday at the train station.","Please call Stella ask her to bring these things with her from the stove. 6 spoons of fresh snow peas, 5 thick slabs of blue cheese and maybe a snack for her brother Bob. We also need a small plastic snake and a big toy frog for the kid. We can smooth these things into 3 red bags and we will go meet her Wednesday at the train station.",base
India,in_14.mp3,"Please call Stella. Ask her to bring these things with her from the store: Six spoons of fresh snow peas, five thick slabs of blue cheese, and maybe a snack for her brother Bob. We also need a small plastic snake and a big toy frog for the kids. She can scoop these things into three red bags, and we will go meet her Wednesday at the train station.","Please call Stella, ask her to bring these things with her from the store. 6 spoons of fresh snow peas, 5 thick steps of blue cheese and maybe a snack for her brother Bob. We also need a small plastic snake and a big toy frog for the kids. She can scoop these things into 3 red bags and we will go meet her Wednesday at the train station.",base
India,in_15.mp3,"Please call Stella. Ask her to bring these things with her from the store: Six spoons of fresh snow peas, five thick slabs of blue cheese, and maybe a snack for her brother Bob. We also need a small plastic snake and a big toy frog for the kids. She can scoop these things into three red bags, and we will go meet her Wednesday at the train station.","Please call Stella. Ask her to bring these things with her from the store. 6 spoons of fresh no peas, 5 thick slabs of blue cheese and maybe a snack for her brother Bob. We also need a small plastic snake and a big toy frog for the kids. She can scoop these things into 3 red bags and we will go meet her Wednesday at the train station.",base
India,in_16.mp3,"Please call Stella. Ask her to bring these things with her from the store: Six spoons of fresh snow peas, five thick slabs of blue cheese, and maybe a snack for her brother Bob. We also need a small plastic snake and a big toy frog for the kids. She can scoop these things into three red bags, and we will go meet her Wednesday at the train station.","Please call Stella, ask her to bring these things with her from the store. Six booms of fresh snow peas, five thick slabs of blue cheese and maybe a snack for her brother Bob. We also need a small plastic snake and a big toy frog for the kids. She can scoop these things in the three red bags and we will go meet her Wednesday at the train station.",base
India,in_17.mp3,"Please call Stella. Ask her to bring these things with her from the store: Six spoons of fresh snow peas, five thick slabs of blue cheese, and maybe a snack for her brother Bob. We also need a small plastic snake and a big toy frog for the kids. She can scoop these things into three red bags, and we will go meet her Wednesday at the train station.","Please call Stella, ask her to bring these things with her from the store. Six spoons of fresh snow peas, five thick slabs of blue cheese, and maybe a snack for her brother-bob. We also need a small plastic snake and a big toy frog for the kids. She can scoop these things into three red bags and we will go meet her when stay at the train station.",base
India,in_18.mp3,"Please call Stella. Ask her to bring these things with her from the store: Six spoons of fresh snow peas, five thick slabs of blue cheese, and maybe a snack for her brother Bob. We also need a small plastic snake and a big toy frog for the kids. She can scoop these things into three red bags, and we will go meet her Wednesday at the train station.","Please call Stella, ask her to bring these things with her from the store. 6 spoons of fresh no peas, 5 thick slabs of blue cheese and maybe a snack for her brother Bob. We also need a small plastic snake and a big toy frog for the kids. She can scoop these things into 3 red bags and we will go meet her Wednesday at the train station.",base
India,in_19.mp3,"Please call Stella. Ask her to bring these things with her from the store: Six spoons of fresh snow peas, five thick slabs of blue cheese, and maybe a snack for her brother Bob. We also need a small plastic snake and a big toy frog for the kids. She can scoop these things into three red bags, and we will go meet her Wednesday at the train station.","Please call Stella. Ask her to bring these things with her from the store. Six spoons of fresh snow peas, five thick slabs of blue cheese, and maybe a snack for her brother Bob. We also need a small plastic snake and a big toy frog for the kids. She can scoop these things into three red bags and we will go meet her Wednesday at the train station.",base
India,in_20.mp3,"Please call Stella. Ask her to bring these things with her from the store: Six spoons of fresh snow peas, five thick slabs of blue cheese, and maybe a snack for her brother Bob. We also need a small plastic snake and a big toy frog for the kids. She can scoop these things into three red bags, and we will go meet her Wednesday at the train station.","Please call Stella. Ask her to bring these things with her from the store. 6 spoons of fresh no peas, 5 thick slab of blue cheese and maybe a snack for her brother Bob. We also need a small plastic snake and a big toy frog for the kids. She can scoop these things into 3 red bags and we will go to meet her Wednesday at the dance station.",base
India,in_21.mp3,"Please call Stella. Ask her to bring these things with her from the store: Six spoons of fresh snow peas, five thick slabs of blue cheese, and maybe a snack for her brother Bob. We also need a small plastic snake and a big toy frog for the kids. She can scoop these things into three red bags, and we will go meet her Wednesday at the train station.","Please call Stella, ask her to bring these things with her from the store. 6 spoons of fresh snow peas, 5-tec slabs of blue cheese and maybe a snack for a brother Bob. We also need a small plastic snake and a big dive frog for the cats. She enscued these things into three or three or bags and we will go meet her Wednesday at the train station.",base
India,in_22.mp3,"Please call Stella. Ask her to bring these things with her from the store: Six spoons of fresh snow peas, five thick slabs of blue cheese, and maybe a snack for her brother Bob. We also need a small plastic snake and a big toy frog for the kids. She can scoop these things into three red bags, and we will go meet her Wednesday at the train station.","Please call Stella, ask her to bring these things with her from the store. 6 spoons of fresh snow peas, 5 thick slabs of blue cheese and maybe a snack for her brother Bob. We also need a small plastic snake and a big die frog for the kids. She can scoop these things into 3 red bags and we will go meet her Wednesday at the train station.",base
India,in_23.mp3,"Please call Stella. Ask her to bring these things with her from the store: Six spoons of fresh snow peas, five thick slabs of blue cheese, and maybe a snack for her brother Bob. We also need a small plastic snake and a big toy frog for the kids. She can scoop these things into three red bags, and we will go meet her Wednesday at the train station.","Please call Stella. Ask her to bring these things with her from the store. Six spoons of fresh snow peas, five thick slabs of blue cheese and maybe a snack for her brother bob. We also need a small plastic snake and a big toy frog for the kids. She can scoop these things into three red bags and will go meet her Wednesday at the train station.",base
India,in_24.mp3,"Please call Stella. Ask her to bring these things with her from the store: Six spoons of fresh snow peas, five thick slabs of blue cheese, and maybe a snack for her brother Bob. We also need a small plastic snake and a big toy frog for the kids. She can scoop these things into three red bags, and we will go meet her Wednesday at the train station.","Please call Stella, ask her to bring these things with her from the store. 6 spoons of fresh no peas, 5 thick slabs of blue cheese and maybe a snack for her brother Bob. We also need a small plastic snake and a big toy frog for the kids. She can scoop these things into 3 red bags and you will go meet her Wednesday at the train station.",base
India,in_25.mp3,"Please call Stella. Ask her to bring these things with her from the store: Six spoons of fresh snow peas, five thick slabs of blue cheese, and maybe a snack for her brother Bob. We also need a small plastic snake and a big toy frog for the kids. She can scoop these things into three red bags, and we will go meet her Wednesday at the train station.","Please call Stella, ask her to bring these things with her from the store, six spoons of fresh snow peas, five thick slabs of blue cheese and maybe a snack for her brother Bob. We also need a small plastic snake and a big toy frog for the kids. She can scoop these things into three red bags and we will go meet her wetness day at the train station.",base
India,in_26.mp3,"Please call Stella. Ask her to bring these things with her from the store: Six spoons of fresh snow peas, five thick slabs of blue cheese, and maybe a snack for her brother Bob. We also need a small plastic snake and a big toy frog for the kids. She can scoop these things into three red bags, and we will go meet her Wednesday at the train station.","Please call Stella, ask her to bring these things with her from the store. 6 spoons of fresh no peas, 5 thick slabs of blue cheese and maybe a snack for her brother bar. We also need a small plastic snake and a big toy frog for the kids. She can scoot these things into 3 red bags and we will go meet her Wednesday at the train station.",base
India,in_27.mp3,"Please call Stella. Ask her to bring these things with her from the store: Six spoons of fresh snow peas, five thick slabs of blue cheese, and maybe a snack for her brother Bob. We also need a small plastic snake and a big toy frog for the kids. She can scoop these things into three red bags, and we will go meet her Wednesday at the train station.","Please call Stella. Ask her to bring these things with her from the store. 6 spoons of fresh, no snow peas, 5-takes, slabs of blue cheese and maybe a snack for her brother Bob. We also need a small, passing snake and a big, 12 frog for the kids. She can scoop these things into 3 red bags and we will go meet her when I was here at the train station.",base
India,in_28.mp3,"Please call Stella. Ask her to bring these things with her from the store: Six spoons of fresh snow peas, five thick slabs of blue cheese, and maybe a snack for her brother Bob. We also need a small plastic snake and a big toy frog for the kids. She can scoop these things into three red bags, and we will go meet her Wednesday at the train station.","Please call Stella, ask her to bring these things that are from the store. Six spoons of fresh snow peas, five takes laps of blue cheese, and maybe a snack for her brother pop. We also need a small plastic snake and a big toy frog for the kids. She can scoop these things into three red bags and will go meet her when stay at the train station.",base
India,in_29.mp3,"Please call Stella. Ask her to bring these things with her from the store: Six spoons of fresh snow peas, five thick slabs of blue cheese, and maybe a snack for her brother Bob. We also need a small plastic snake and a big toy frog for the kids. She can scoop these things into three red bags, and we will go meet her Wednesday at the train station.","Please call Stella. Ask her to bring these things with her from the store. 6 spoons of fresh nose piece, 5 thick slabs of blue cheese and maybe a snack for her brother Bob. We also need a small plastic snake and a big toy frog for the kids. She can scoop these things into 3 red bags and we will go meet her wetness at a train station.",base
India,in_30.mp3,"Please call Stella. Ask her to bring these things with her from the store: Six spoons of fresh snow peas, five thick slabs of blue cheese, and maybe a snack for her brother Bob. We also need a small plastic snake and a big toy frog for the kids. She can scoop these things into three red bags, and we will go meet her Wednesday at the train station.","Please call Stella, ask her to bring these things with her from the store. 6 spoons of fresh snow peas, 5 thick slabs of blue cheese and maybe a snack for her brother bob. We also need a small plastic snake and a big toy frog for the kids. She can scoop these things into 3 red bags and we will go meet her when she is at the train station.",base
India,in_31.mp3,"Please call Stella. Ask her to bring these things with her from the store: Six spoons of fresh snow peas, five thick slabs of blue cheese, and maybe a snack for her brother Bob. We also need a small plastic snake and a big toy frog for the kids. She can scoop these things into three red bags, and we will go meet her Wednesday at the train station.","Please call Stella, ask her to bring these things with her from the store. Six spoons of fresh no peas, five thick slabs of blue cheese and maybe a snack for her brother Bob. We also need a small plastic snake and a big toy frog for the kids. She can scoop these things into three red bags and we will meet her Wednesday at the train station.",base
India,in_32.mp3,"Please call Stella. Ask her to bring these things with her from the store: Six spoons of fresh snow peas, five thick slabs of blue cheese, and maybe a snack for her brother Bob. We also need a small plastic snake and a big toy frog for the kids. She can scoop these things into three red bags, and we will go meet her Wednesday at the train station.","Please call still, ask her to bring these things with her. From the store, six spoons of fresh snowpins, five thick slabs of blue cheese, and maybe a snack for her brother Bob. We also need a small plastic snack and a big toy frog for the kids. She can snoop these things into three red bags, and we'll go meet her once they have the train station.",base
India,in_33.mp3,"Please call Stella. Ask her to bring these things with her from the store: Six spoons of fresh snow peas, five thick slabs of blue cheese, and maybe a snack for her brother Bob. We also need a small plastic snake and a big toy frog for the kids. She can scoop these things into three red bags, and we will go meet her Wednesday at the train station.","Please call Stella. Ask her to bring these things with her from the store. Six spoons of fresh snow peas, five thick slabs of blue cheese and maybe a snack of her brother Bob. We also need a small plastic snake and a big toy frog for the kids. She can scoop these things into three red bags and we will go to meet her Wednesday at the train station.",base
India,in_34.mp3,"Please call Stella. Ask her to bring these things with her from the store: Six spoons of fresh snow peas, five thick slabs of blue cheese, and maybe a snack for her brother Bob. We also need a small plastic snake and a big toy frog for the kids. She can scoop these things into three red bags, and we will go meet her Wednesday at the train station.","Please call Stella, ask her to bring these things with her from the store. 6 spoons of fresh snow peas, 5 thick slabs of blue cheese and maybe a snack for her brother bob. We also need a small plastic snake and a big toy frog for the kids. She can scoop these things into 3 red bags and we will go meet her Wednesday at the train station.",base
India,in_35.mp3,"Please call Stella. Ask her to bring these things with her from the store: Six spoons of fresh snow peas, five thick slabs of blue cheese, and maybe a snack for her brother Bob. We also need a small plastic snake and a big toy frog for the kids. She can scoop these things into three red bags, and we will go meet her Wednesday at the train station.","Please call Stella. Ask her to bring these things with her from the store. 6 spoons of fresh snow peas, 5 thick slabs of blue cheese and maybe a snack of for her brother Bob. We also need a small plastic snake and a big toy frog for the kids. She can scoop these things into 3 red bags and we will go meet her when I stay at the train station.",base
India,in_36.mp3,"Please call Stella. Ask her to bring these things with her from the store: Six spoons of fresh snow peas, five thick slabs of blue cheese, and maybe a snack for her brother Bob. We also need a small plastic snake and a big toy frog for the kids. She can scoop these things into three red bags, and we will go meet her Wednesday at the train station.","Please call Stella. Ask her to bring these things from her with her from the store. 6 spoons of fresh nut piece, 5 thick slabs of blue cheese and maybe a snack for her brother Bob. We also need a small plastic snack and a big toy frog for the kids. She can scoop these things into 3 red bags and we will go meet her when they are at the green station.",base
India,in_37.mp3,"Please call Stella. Ask her to bring these things with her from the store: Six spoons of fresh snow peas, five thick slabs of blue cheese, and maybe a snack for her brother Bob. We also need a small plastic snake and a big toy frog for the kids. She can scoop these things into three red bags, and we will go meet her Wednesday at the train station.","Please call Stella. Husker to bring these things with her from the store. Six spoons of fresh no peas, five thick slabs of blue cheese and maybe a snack for her brother-bomb. We also need a small plastic snake and a big toy for the kids. She can scoop these things into three red bags and we will go meet her on Wednesday at the train station.",base
India,in_38.mp3,"Please call Stella. Ask her to bring these things with her from the store: Six spoons of fresh snow peas, five thick slabs of blue cheese, and maybe a snack for her brother Bob. We also need a small plastic snake and a big toy frog for the kids. She can scoop these things into three red bags, and we will go meet her Wednesday at the train station.","Please call Stella, ask her to bring these things with her from the store. 6 spoons of Fresno piece, 5 thick, slabs of blue cheese and maybe a snack for her brother Bob. We also need a small plastic snake and a big toy frog for the kids. She can scoop these things into 3 red bags and we will go meet her at the train station.",base
India,in_39.mp3,"Please call Stella. Ask her to bring these things with her from the store: Six spoons of fresh snow peas, five thick slabs of blue cheese, and maybe a snack for her brother Bob. We also need a small plastic snake and a big toy frog for the kids. She can scoop these things into three red bags, and we will go meet her Wednesday at the train station.","Please call Stella, ask her to bring these things with her from the store. 6 spoons of fresh snows, 5-thicks labs of blue cheese and maybe a snack for her brother bob. We also need a small plastic snake and a big toy for the kids. She can scope these things into 3 red bags and we will go meet her Wednesday at the train station.",base
India,in_40.mp3,"Please call Stella. Ask her to bring these things with her from the store: Six spoons of fresh snow peas, five thick slabs of blue cheese, and maybe a snack for her brother Bob. We also need a small plastic snake and a big toy frog for the kids. She can scoop these things into three red bags, and we will go meet her Wednesday at the train station.","Please call Stella, ask her to bring these things with her from the store. 6 spoons of fresh no peas, 5 thick slabs of blue cheese and maybe a snack for her brother Bob. And we also need a small plastic snake and a big toy frog for her for the kids. She can scoop these things into 3 red bags and we will go meet her when she's there at the train station.",base
India,in_41.mp3,"Please call Stella. Ask her to bring these things with her from the store: Six spoons of fresh snow peas, five thick slabs of blue cheese, and maybe a snack for her brother Bob. We also need a small plastic snake and a big toy frog for the kids. She can scoop these things into three red bags, and we will go meet her Wednesday at the train station.","Please call Stella, ask her to bring these things with her from the store. 6 spoons of fresh snow peas, 5 thick slabs of blue cheese and maybe a snack for her brother Bob. We also need a small plastic snake and a big toy frog for the kids. She can scoop these things into 3 bread bags and we will go meet her when she is at the train station.",base
India,in_42.mp3,"Please call Stella. Ask her to bring these things with her from the store: Six spoons of fresh snow peas, five thick slabs of blue cheese, and maybe a snack for her brother Bob. We also need a small plastic snake and a big toy frog for the kids. She can scoop these things into three red bags, and we will go meet her Wednesday at the train station.","Please call Stella. Ask her to bring these things with her from the store. Six spoons of fresh snow peas, five thick slabs of blue cheese, and maybe a snack for her brother Bob. We also need a small plastic snake and a big toy frog for the kids. She can scoop these things into three red bags and we will go meet her Wednesday at the train station.",base
India,in_43.mp3,"Please call Stella. Ask her to bring these things with her from the store: Six spoons of fresh snow peas, five thick slabs of blue cheese, and maybe a snack for her brother Bob. We also need a small plastic snake and a big toy frog for the kids. She can scoop these things into three red bags, and we will go meet her Wednesday at the train station.","A police call Stella asked her to bring these things with her from the store. Six spoons of fresh nose bees, five thick flabs of blue cheese and a maybe a snack for her brother Bob. We also need a small plastic snake and a big toy frog for the kids. She can scoop these things into three red bags and we'll go meet her when I stay at the train station.",base
India,in_44.mp3,"Please call Stella. Ask her to bring these things with her from the store: Six spoons of fresh snow peas, five thick slabs of blue cheese, and maybe a snack for her brother Bob. We also need a small plastic snake and a big toy frog for the kids. She can scoop these things into three red bags, and we will go meet her Wednesday at the train station.","Please call Stella. Ask her to bring these things with her from the store. Six spoons of fresh no peas, five thick slabs of blue cheese and maybe a snack for her brother Bob. We also need a small plastic snake and a big tie for our further kids. She can scoop these things into three red bags and we'll go meet her Wednesday at the train station.",base
India,in_45.mp3,"Please call Stella. Ask her to bring these things with her from the store: Six spoons of fresh snow peas, five thick slabs of blue cheese, and maybe a snack for her brother Bob. We also need a small plastic snake and a big toy frog for the kids. She can scoop these things into three red bags, and we will go meet her Wednesday at the train station.",Please tell her to bring these things with her from the store. 6 spoons of fresh snow peas. 5 thick slabs of blue cheese and maybe a snack for her brother Bob. We also need a small plastic snake and a big toy frog for the kids. She can scope these things into 3 red packs and we will go meet her Wednesday at the train station.,base
India,in_46.mp3,"Please call Stella. Ask her to bring these things with her from the store: Six spoons of fresh snow peas, five thick slabs of blue cheese, and maybe a snack for her brother Bob. We also need a small plastic snake and a big toy frog for the kids. She can scoop these things into three red bags, and we will go meet her Wednesday at the train station.","Please call Stella. Ask her to bring these things with her from the stove. Six spoons of fresh snow peas, five thick slabs of blue cheese and maybe a snack for a brother bob. We also need a small plastic snake and a big toy frog for the kids. She can scoop these things into three red bags and we will go meet a Wednesday at the train station.",base
India,in_47.mp3,"Please call Stella. Ask her to bring these things with her from the store: Six spoons of fresh snow peas, five thick slabs of blue cheese, and maybe a snack for her brother Bob. We also need a small plastic snake and a big toy frog for the kids. She can scoop these things into three red bags, and we will go meet her Wednesday at the train station.",Please call Stella. Ask her to bring these things with her from the store. 6 spoons of fresh no peas. 5 thick slabs of blue cheese and maybe a snack for her brother bob. We also need a small plastic snake and a big toy frog for the kids. She can scoop these things into 3 red bags and we will go meet her Wednesday at the Tainst station.,base
India,in_48.mp3,"Please call Stella. Ask her to bring these things with her from the store: Six spoons of fresh snow peas, five thick slabs of blue cheese, and maybe a snack for her brother Bob. We also need a small plastic snake and a big toy frog for the kids. She can scoop these things into three red bags, and we will go meet her Wednesday at the train station.","Please call Stella. I'll cut her to bring these things with her from the store. Six spoons of fresh nirpies, five thick slabs of blue cheese, and maybe a snack for her brother Bob. We also need a small plastic snake and a big toy frog for the kids. She can scoop these things into three red bags and we will go meet her Wednesday at the train station.",base
India,in_49.mp3,"Please call Stella. Ask her to bring these things with her from the store: Six spoons of fresh snow peas, five thick slabs of blue cheese, and maybe a snack for her brother Bob. We also need a small plastic snake and a big toy frog for the kids. She can scoop these things into three red bags, and we will go meet her Wednesday at the train station.","Please call Stella. Ask her to bring these things with her from the store. 6 spoons of fresh snow peas, 5 thick slabs of blue cheese and maybe a snack for her brother Bob. We also need a small plastic snake and a big toy frog for the kids. She can scoop these things into 3 red bags and we will go meet her Wednesday at the train station.",base
India,in_50.mp3,"Please call Stella. Ask her to bring these things with her from the store: Six spoons of fresh snow peas, five thick slabs of blue cheese, and maybe a snack for her brother Bob. We also need a small plastic snake and a big toy frog for the kids. She can scoop these things into three red bags, and we will go meet her Wednesday at the train station.","Please call Stella. Ask her to bring these things with her from the store. 6 spoons of fresh snow peas, 5 thick slabs of blue cheese and maybe a snack for her brother Bob. We also need a small plastic snake and a big toy frog for the kids. She can scoop these things into 3 red bags and we will go meet her Wednesday at the train station.",base
India,in_51.mp3,"Please call Stella. Ask her to bring these things with her from the store: Six spoons of fresh snow peas, five thick slabs of blue cheese, and maybe a snack for her brother Bob. We also need a small plastic snake and a big toy frog for the kids. She can scoop these things into three red bags, and we will go meet her Wednesday at the train station.","Please call Stella. Ask her to bring these things with her from the store. 6 spoons of fresh snow peas, 5 thick slabs of blue cheese and maybe a snack for her brother Bob. We also need a small plastic snake and a big toy frog for the kids. She can scoop these things into 3 red bags and we will go meet her Wednesday at the train station.",base
India,in_52.mp3,"Please call Stella. Ask her to bring these things with her from the store: Six spoons of fresh snow peas, five thick slabs of blue cheese, and maybe a snack for her brother Bob. We also need a small plastic snake and a big toy frog for the kids. She can scoop these things into three red bags, and we will go meet her Wednesday at the train station.","Please call Stella, ask her to bring these things with her from the store. 6 spoons of fresh snow peas, 5 thick slabs of blue cheese and maybe a snack for her brother Bob. We also need a small plastic snake and a big toy frog for the kids. She can scoop these things into 3 red bags and we will go meet her Wednesday at the train station.",base
India,in_53.mp3,"Please call Stella. Ask her to bring these things with her from the store: Six spoons of fresh snow peas, five thick slabs of blue cheese, and maybe a snack for her brother Bob. We also need a small plastic snake and a big toy frog for the kids. She can scoop these things into three red bags, and we will go meet her Wednesday at the train station.","Please call Stella, ask her to bring these things with her from the store. 6 spoons of fresh no peas, 5 ticslabs of blue cheese and maybe a snack for her brother bob. We also need a small plastic snake and a big toy frog for the kids. She can scoop these things into 3 red bags and we will go meet her Wednesday at the train station.",base
India,in_54.mp3,"Please call Stella. Ask her to bring these things with her from the store: Six spoons of fresh snow peas, five thick slabs of blue cheese, and maybe a snack for her brother Bob. We also need a small plastic snake and a big toy frog for the kids. She can scoop these things into three red bags, and we will go meet her Wednesday at the train station.","Please call Stella. Ask her to bring these things with her from the store. 6 spoons of fresh noof piece, 5 thick slabs of blue cheese and maybe a snack for a bread or bob. We also need a small plastic snake and a big toy frog for the kids. She can scoop these things into 3 red bags and we will go meet a Wednesday at the train station.",base
India,in_55.mp3,"Please call Stella. Ask her to bring these things with her from the store: Six spoons of fresh snow peas, five thick slabs of blue cheese, and maybe a snack for her brother Bob. We also need a small plastic snake and a big toy frog for the kids. She can scoop these things into three red bags, and we will go meet her Wednesday at the train station.","Please call Stella, ask her to bring these things with her from the store. 6 spoons of fresh snow peas, 5 thick slabs of blue cheese and maybe a snack for our brother Bob. We also need a plastic snake and a big toy frog for the kids. She can scoop these things into 3 red bags and we will go meet her Wednesday at the train station.",base
India,in_56.mp3,"Please call Stella. Ask her to bring these things with her from the store: Six spoons of fresh snow peas, five thick slabs of blue cheese, and maybe a snack for her brother Bob. We also need a small plastic snake and a big toy frog for the kids. She can scoop these things into three red bags, and we will go meet her Wednesday at the train station.","Please call Stella, ask her to bring these things with her from the store. 6 spoons of fresh snow peas, 5 thick slabs of blue cheese and maybe a snack for her brother Bob. We also need a small plastic snake and a big toy frog for the kids. She can scoop these things into 3 red bags and we will go meet her when it's the other train station.",base
India,in_57.mp3,"Please call Stella. Ask her to bring these things with her from the store: Six spoons of fresh snow peas, five thick slabs of blue cheese, and maybe a snack for her brother Bob. We also need a small plastic snake and a big toy frog for the kids. She can scoop these things into three red bags, and we will go meet her Wednesday at the train station.","Please call Stella. Asker to bring these things with her from the store, six spoons of fresh no peas, five thick slabs of blue cheese and maybe a snack for her brother Bob. We also need a small plastic snake and a big toy frog for the kids. She can scoop these things into three red bags and we will go meet her Wednesday at the train station.",base
India,in_58.mp3,"Please call Stella. Ask her to bring these things with her from the store: Six spoons of fresh snow peas, five thick slabs of blue cheese, and maybe a snack for her brother Bob. We also need a small plastic snake and a big toy frog for the kids. She can scoop these things into three red bags, and we will go meet her Wednesday at the train station.","Please call Stella, ask her to bring these things with her from the store. 6 spoons of fresh snow peas, 5 thick slabs of blue cheese and maybe a snack for her brother Bob. We also need a small plastic snake and a big toy frog for the kids. She can scoop these things into 3 red bags and we will go meet her Wednesday at the train station.",base
India,in_59.mp3,"Please call Stella. Ask her to bring these things with her from the store: Six spoons of fresh snow peas, five thick slabs of blue cheese, and maybe a snack for her brother Bob. We also need a small plastic snake and a big toy frog for the kids. She can scoop these things into three red bags, and we will go meet her Wednesday at the train station.","Please call Stella, ask her to bring these things with her from the store. 6 spoons of afresh no peas, 5 thick slabs of blue cheese and maybe a snack for her brother bob. We also need a small plastic snack and a big toy frog for the kids. She can scoop these things into the 3 red bags and we will go meet her Wednesday at the train station.",base
India,in_60.mp3,"Please call Stella. Ask her to bring these things with her from the store: Six spoons of fresh snow peas, five thick slabs of blue cheese, and maybe a snack for her brother Bob. We also need a small plastic snake and a big toy frog for the kids. She can scoop these things into three red bags, and we will go meet her Wednesday at the train station.","Please call Stella. Ask her to bring these things with her from the store. 6 spoons of fresh snow peas, 5 thick slabs of blue cheese, and maybe a snack for her brother Bob. We also need a small plastic snake and a big toy frog for the kids. She can scoop these things into 3 red bags and we will go meet her Wednesday at the train station.",base
